Dipole_Debye,Polarizability_au,HOMO_eV,N_O_MinCharge,Frac_NegativeAtoms,PEOE_VSA1,PEOE_VSA14,N_coord,coord_types,HBondDonorCount,HBondAcceptorCount,RotatableBondCount,LogP,RingCount,HeteroRing,FSP3,delta_PCE
30.293,254.002294,-5.347,-0.330914819,0.80952381,16.89006402,0,1,1,0,0,15,3.1779,0,0,1,3.1
10.932,164.869173,-12.6778,-0.368236553,0.666666667,5.733667477,0,4,1,2,2,0,0.04647,1,1,0,1.5
4.239,124.824304,-11.5239,-0.477639243,0.692307692,5.106527395,5.969305288,0,1,2,3,2,0.0322,1,0,0,1.37
6.814,134.701657,-11.0388,-0.376825097,0.454545455,13.27801508,8.804435157,0,0,0,3,6,1.6495,0,0,1,4.21
5.009,115.686928,-9.7321,-0.143912294,0.818181818,0,0,1,1,0,1,0,2.375,1,1,1,1.51
11.79,166.959191,-2.9133,-0.239533996,0.615384615,23.97664013,0,2,1,0,0,5,-1.1031,1,1,0.7,3.5
2.161,57.110011,-11.3928,-0.477896962,0.666666667,5.106527395,5.969305288,0,1,1,1,1,0.6471,0,0,0.25,1.92
5.524,144.60278,-9.7669,-0.480077692,0.6,15.82417339,5.969305288,1,2,3,2,3,1.1223,2,1,0.181818182,3.37
5.709,85.622631,-10.4267,-0.476565587,0.4,10.09050592,5.969305288,0,1,2,2,1,0.0731,1,1,0,1.37
0.233,152.933891,-11.2707,-0.394718845,0.8125,9.473725908,6.15536563,0,1,0,3,2,3.2644,2,0,0,2.96
4.5385,111.461217,-9.2291,-0.366250773,0.454545455,18.14070064,0,2,2,1,1,2,-4.1981,1,1,0.333333333,2.38
4.99,68.820457,-10.4258,-0.345748915,0.428571429,4.899909731,0,0,1,0,1,0,0.2386,1,1,0.8,1.76
4.684,78.081518,-9.9449,-0.368318726,0.75,11.05045608,0,1,2,2,2,1,-0.7763,1,1,0.8,1.94
10.459,184.319353,-6.4053,-0.387619805,0.769230769,5.316788604,0,1,1,1,1,1,3.4995,2,0,0.090909091,3.41
10.349,168.12194,-13.4157,-0.472337977,0.777777778,10.15081841,0,1,1,1,2,2,1.2026,1,1,0.333333333,2.37
10.274,94.330337,-12.4452,-0.543118307,0.666666667,19.80212916,0,1,2,0,5,2,-2.1914,1,1,0,1.22
7.933,148.068038,2.0041,-0.330473681,1,5.733667477,0,1,1,1,1,2,1.3632,0,0,1,1.06
4.5385,111.461217,-10.5967,-0.357331195,0.777777778,29.7103076,0,1,1,1,0,1,-2.1874,1,0,1,1.09
11.673,107.81915,-0.6306,-0.330748418,1,5.733667477,0,1,1,1,1,0,0.583,0,0,1,1.3
13.343,112.767855,-1.9973,-0.370333532,0.8,11.46733495,0,3,1,3,1,0,-0.54343,0,0,0,-1.07
4.5385,111.461217,-12.4799,-0.330142607,0.909090909,5.733667477,0,1,1,1,1,2,1.9449,1,0,0.25,1.7
18.55,127.155863,-3.5021,-0.357283543,0.727272727,29.7103076,0,1,1,1,0,2,-2.3859,1,0,0.25,1.09
6.514,111.320303,-2.5398,-0.326497507,0.888888889,5.733667477,0,1,1,1,1,1,1.7633,1,0,0.142857143,0.91
13.699,183.953726,0.7553,-0.357560865,0.9,29.7103076,0,1,1,1,0,6,-1.4072,0,0,1,0.12
4.899,204.215267,-10.0805,-0.453595078,0.666666667,14.37363564,0,0,1,0,3,3,2.9972,3,2,0.352941176,1.88
4.5385,111.461217,-376.9002,-0.370333532,0.769230769,22.93466991,10.39900058,6,1,8,4,0,-2.97566,0,0,0,1.19
5.009,115.686928,-9.7321,-0.143912294,0.818181818,0,0,1,1,0,1,0,2.375,1,1,1,1.51
5.57,162.416902,-3.5001,-0.330748418,0.857142857,10.9409205,0,2,1,2,3,0,-0.3827,0,0,1,1.8
0.3,52.439314,-4.4796,-0.250346067,0.4,0,0,0,0,1,0,0,-0.1712,1,1,0,1.6
13.343,112.767855,-1.9973,-0.370333532,0.8,11.46733495,0,3,1,3,1,0,-0.54343,0,0,0,0.5
4.645,49.906705,-10.7924,-0.36613333,0.8,5.733667477,0,0,1,1,1,1,-0.3423,0,0,0,2.62
6.464,138.076267,-11.0256,-0.288141687,0.666666667,0,0,0,1,1,2,0,1.7234,3,1,0,2.6
10.457,235.29448,-10.1913,-0.288141672,0.8,0,0,0,1,1,2,0,4.6208,6,1,0,0.4
4.293,112.744968,-10.7589,-0.338721321,0.461538462,4.983978521,5.689743398,3,1,1,3,0,-1.0397,2,2,0.285714286,2.25
4.723,124.347524,-10.6402,-0.327863466,0.428571429,4.567099648,5.689743398,4,1,0,3,0,-1.0293,2,2,0.375,1.22
5.542,112.712705,-10.711,-0.327869774,0.461538462,4.567099648,5.689743398,3,1,1,3,0,-1.0397,2,2,0.285714286,-0.73
5.695,76.762613,-10.202,-0.329831976,0.571428571,15.52049068,7.595762327,1,1,3,2,2,-0.8772,0,0,1,1.89
1.786,67.025051,-10.1144,-0.329469085,0.5,10.28641735,0,1,1,2,2,2,-0.8332,0,0,1,1.28
1.492,55.329674,-10.0215,-0.481195255,0.5,10.84019487,5.969305288,1,2,2,2,2,-0.5802,0,0,0.666666667,0.8
6.193,164.411959,-10.6409,-0.507040687,0.588235294,9.843390349,0,0,1,1,3,3,2.6318,2,0,0.071428571,3.27
3.806,187.476626,-9.8963,-0.504968085,0.6,10.09050592,0,1,2,2,3,1,3.1906,4,2,0,3.04
4.763,196.903646,-9.964,-0.339821981,0.631578947,14.35392285,7.595762327,1,1,2,1,3,2.9722,3,1,0.142857143,1.5
5.456,137.528456,-11.2124,-0.324422009,0.833333333,9.786823206,7.595762327,0,0,2,1,7,2.5246,0,0,1,0.8
2.566,38.04794,-10.344,-0.327998518,0.5,5.733667477,0,1,1,1,1,1,-0.0854,0,0,1,1.12
2.423,39.232864,-10.6969,-0.325486895,0.6,5.733667477,0,1,1,1,1,1,0.2102,0,0,1,0.84
6.511,141.807275,-10.9579,-0.322752642,0.714285714,5.733667477,6.176298517,1,1,1,1,0,0.9292,0,0,1,0.7
1.951,192.732532,-11.2752,-0.48123039,0.65,5.106527395,5.969305288,0,1,1,3,11,2.5069,1,1,0.666666667,4.54
4.818,111.929451,-12.1647,-0.416820518,0.5,4.736862954,5.969305288,0,1,0,2,2,2.4735,1,0,0,2.2
3.557,306.274242,-10.1793,-0.464638671,0.413793103,18.94745182,23.87722115,0,1,4,12,16,1.4252,0,0,0.764705882,2.4
1.518,134.847477,-10.356,0,1,0,0,0,0,0,1,5,3.8709,1,1,0.6,1.81
0,106.459702,-10.7407,0,1,0,0,0,0,0,0,0,2.8326,4,0,1,1.15
1.366,115.309663,-9.7226,-0.325030481,0.909090909,5.733667477,0,1,1,1,1,0,1.9139,4,0,1,1.61
3.265,196.59891,-11.5203,-0.461674306,0.523809524,14.21058886,17.90791586,0,1,0,6,10,1.5704,0,0,0.4,2.1
4.49,107.463603,-10.4555,-0.299087986,0.727272727,0,0,0,1,0,1,0,2.0116,4,0,0.9,1.12
2.423,124.07588,-10.9239,-0.480821322,0.846153846,5.106527395,5.969305288,0,1,1,1,1,2.2874,4,0,0.909090909,1.41
1.896,135.720768,-10.6711,-0.481215172,0.857142857,5.106527395,5.969305288,0,1,1,1,2,2.6775,4,0,0.916666667,2.06
1.592,63.588616,-11.8361,-0.363943925,0.666666667,11.46733495,5.922529168,0,1,2,2,2,-1.4077,0,0,0.333333333,2.21
5.674,222.395968,-10.9676,-0.308634799,0.8,4.565048285,0,0,0,0,1,3,3.326,3,0,0,1.05
7.458,234.76335,-11.693,-0.305364429,0.666666667,18.09498865,15.19152465,0,0,0,6,10,5.0301,0,0,1,1.08
1.219,229.009787,-11.8984,0,0.441176471,0,0,0,0,0,0,3,5.5313,3,0,0,2.99
3.437,45.049243,-10.8353,-0.266136747,0.6,0,0,2,1,1,2,0,-0.1953,1,1,0,2
8.065,132.82498,-9.5807,-0.376047653,0.727272727,11.05045608,0,2,1,2,1,1,2.1046,1,0,0,2.4
1.739,60.834816,-9.7355,-0.378812514,0.333333333,10.05365156,0,1,1,1,2,0,-0.3938,1,1,1,0.7
2.182,63.907913,-11.4229,-0.361801852,0.5,4.736862954,0,0,1,1,3,0,-1.3406,1,1,0.5,1.96
4.798,62.097396,-10.8118,-0.369813236,0.428571429,10.05365156,0,0,1,1,2,0,-0.8672,1,1,0.75,2.17
4.386,101.000261,-10.1355,-0.342214401,0.7,4.983978521,0,1,1,1,1,0,1.87132,2,1,0.125,2.1
4.595,72.203983,-9.8802,-0.398638991,0.571428571,5.733667477,0,2,1,1,2,0,0.6638,1,1,0,2.6
2.226,226.960896,-10.3831,-0.483723718,0.56,9.720841475,6.176298517,2,1,1,4,5,3.51522,3,2,0.25,2.14
4.767,98.528672,-9.8035,-0.236640568,0.6,0,0,2,1,0,2,0,1.6298,2,2,0,2.2
1.695,84.873454,-10.6724,-0.338674824,0.5,9.967957042,0,2,1,2,3,0,-0.3538,2,2,0,1.72
0.691,89.16324,-11.527,-0.423174856,0.636363636,10.04804515,7.118392334,0,0,2,2,1,-0.3554,1,0,0,1.98
8.378,89.373031,-10.0466,-0.381798268,0.5,10.717646,0,4,1,2,4,0,-0.0649,2,2,0,1.1
9.697,72.10729,-10.4078,-0.385103472,0.625,5.733667477,5.689743398,2,1,2,3,0,-0.6479,1,1,0,2
6.686,51.340118,-9.2952,-0.376505715,0.75,11.46733495,0,2,1,2,1,0,-0.8113,0,0,0,1.21
6.14,53.741925,-9.3614,-0.39355196,0.75,5.733667477,0,1,1,1,1,0,0.2924,0,0,0.5,1.88
2.583,48.020903,-9.679,0,1,0,0,0,0,0,1,0,0.9792,0,0,1,-0.45
4.527,61.209105,-10.9813,-0.369231444,0.571428571,11.46733495,0,0,1,2,2,2,-1.6529,0,0,0.333333333,3.25
1.561,85.631683,-10.6276,-0.423158785,0.875,10.04804515,7.118392334,0,0,2,3,1,-0.5721,1,1,0,2.06
4.934,27.619695,-11.1254,-0.37226357,0.666666667,5.733667477,0,0,1,1,1,0,-0.8985,0,0,0,0.17
1.321,88.449562,-9.9894,-0.326497507,0.875,5.733667477,0,1,1,1,1,1,1.1453,1,0,0.142857143,0.65
4.81,89.928237,-10.7575,-0.365599512,0.777777778,5.733667477,0,0,1,1,1,1,0.7855,1,0,0,0.96
4.513,90.313779,-10.9451,-0.365599488,0.7,5.733667477,0,0,1,1,1,1,0.9246,1,0,0,2.19
4.414,102.138248,-10.8902,-0.3655995,0.7,5.733667477,0,0,1,1,1,1,1.4389,1,0,0,1.79
3.744,210.159755,-10.9407,-0.284820806,0.7,0,0,0,0,0,2,2,4.1416,3,0,0,2.38
0.078,368.231787,-9.9325,0,0.8125,0,0,0,0,0,2,14,11.0752,4,2,0.533333333,2.77
4.775,196.674398,-11.8217,-0.385656692,0.541666667,9.473725908,23.87722115,0,1,0,7,2,1.5388,4,2,0,2.3
5.884,225.626681,-12.6219,-0.385656842,0.64516129,9.473725908,36.22981819,0,1,0,6,2,3.7185,4,2,0.157894737,2.85
0.117,70.033015,-11.7949,-0.277316161,0.555555556,0,6.031114512,0,1,2,3,0,-1.2575,1,1,0.25,1.2
1.269,52.804254,-11.9328,-0.480805908,0.571428571,10.21305479,11.93861058,0,1,2,2,2,-0.4543,0,0,0.333333333,1.02
4.669,36.431265,-10.9368,-0.35184624,0.75,11.46733495,6.031114512,0,1,2,1,0,-0.9762,0,0,0,0.74
18.519,127.641597,-2.9734,-0.357285074,0.8,29.7103076,0,1,1,1,0,2,-2.525,1,0,0.25,1.13
4.5385,111.461217,-2.7378,-0.357560702,0.916666667,29.7103076,0,1,1,1,0,4,-1.7448,1,0,0.4,0.39
24.134,180.790981,-3.1906,-0.330461792,1,5.733667477,0,1,1,1,1,3,2.1959,1,0,0.333333333,1.86
2.305,50.839193,-11.3947,-0.388490606,0.5,10.21305479,0,0,1,2,3,2,-1.4599,0,0,0.666666667,3.05
4.5385,111.461217,-10.5666,-0.333351019,0.333333333,16.89006402,0,1,1,0,0,0,-2.6736,0,0,1,2
7.544,212.445281,-10.6925,-0.329926767,0.375,16.89006402,0,1,1,0,0,2,-2.0646,0,0,1,0.6
7.204,170.133096,-10.9249,-0.39051529,0.375,21.99659141,0,1,1,1,1,2,-3.3111,0,0,1,1
14.673,135.682145,-6.153,-0.327164983,0.583333333,16.89006402,0,1,1,0,0,2,-1.1032,1,0,0.4,0.5
4.144,63.659136,-11.5755,-0.278511959,0.5,0,0,0,1,1,3,0,-0.4754,1,1,0.5,2.24
5.192,106.450066,-10.0119,-0.361174887,0.6,4.983978521,0,0,0,1,0,0,2.8213,2,1,0,1.89
0.894,98.003984,-10.1039,-0.480048071,0.666666667,10.84019487,5.969305288,1,2,3,3,2,0.1067,0,0,0.8,1.65
3.722,175.632321,-9.7644,-0.252560258,0.733333333,0,0,2,1,1,4,2,3.6915,2,1,0.363636364,1.26
5.649,169.645784,-10.6703,-0.376667636,0.333333333,28.42117772,0,0,0,0,6,0,0.0996,1,1,1,2.53
3.319,247.297461,-10.0167,-0.487297493,0.538461538,28.42117772,0,0,0,0,6,0,2.9488,3,1,0.4,3.84
5.398,43.131084,-12.3754,-0.36184104,0.714285714,5.733667477,12.08347825,0,1,1,1,0,0.034,0,0,0.5,1.85
8.286,199.300865,-9.9867,-0.505795795,0.72,21.68038974,12.35259703,2,1,4,4,2,3.6729,2,0,0.2,3.47
3.036,83.960019,-9.8941,-0.381428973,0.75,10.47053043,0,1,1,1,2,1,0.3717,1,1,1,1.66
2.595,63.770438,-11.1858,0,0.8,0,0,0,0,0,0,2,2.0253,0,0,1,0.79
6.334,167.684814,-10.5338,-0.323528859,0.625,29.36046962,22.78728698,1,1,6,4,6,-1.306,0,0,1,2.53
0,63.824563,-11.8751,-0.47807075,0.5,10.21305479,11.93861058,0,1,2,2,2,-0.2882,0,0,0,1.3
18.311,106.580947,-10.8954,-0.744035769,0.75,4.552749874,29.55728603,0,0,0,3,1,-2.09688,1,0,0.142857143,1.35
6.364,224.645413,-10.5666,-0.192437046,0.904761905,0,0,1,1,0,1,7,5.73818,2,0,0.35,3.05
2.151,214.095942,-12.8548,0,0.441176471,0,0,0,0,0,0,3,4.2893,3,0,0,2.05
2.61,75.695663,-11.5474,-0.481230228,0.555555556,10.21305479,11.93861058,0,1,2,2,4,0.3259,0,0,0.6,2.37
0,57.033832,-12.9333,-0.154726243,0.666666667,0,18.23452154,3,1,0,3,0,0.2889,1,1,0,1.84
1.246,81.197245,-10.1625,-0.367590743,0.666666667,17.20100243,0,6,1,3,6,0,-1.3818,1,1,0,1.35
0,68.061568,-12.0857,-0.258986688,0.666666667,0,17.06923019,0,0,3,3,0,-2.2485,1,1,0,0.66
0,92.392489,-12.241,-0.186832365,0.666666667,0,0,3,1,0,3,0,1.8318,1,1,0,1.35
0,112.868438,-10.3513,-0.309268954,0.666666667,14.95193556,0,0,0,3,3,0,1.85937,1,1,0,-5.24
22.788,147.203562,-10.4262,-0.778623779,0.769230769,14.35187149,51.38453491,0,0,1,2,7,-1.1034,0,0,1,2.8
3.934,116.339509,-12.3289,-0.477638947,0.647058824,5.106527395,18.32190232,0,1,1,1,1,3.4224,1,0,0.222222222,2.64
5.968,101.169833,-10.0976,-0.326497495,0.7,5.733667477,0,2,1,1,2,1,1.01698,1,0,0.125,3.37
6.514,111.320303,-2.5398,-0.326497507,0.888888889,5.733667477,0,1,1,1,1,1,1.7633,1,0,0.142857143,1.6
4.5385,111.461217,-9.5581,-0.353808314,0.7,29.7103076,0,1,1,1,0,1,-1.9141,1,0,0.142857143,-0.48
4.5385,111.461217,-2.7164,-0.330142607,1,5.733667477,0,1,1,1,1,2,1.8058,1,0,0.25,-1.97
6.115,134.113324,-11.6358,-0.464796453,0.615384615,4.736862954,5.969305288,0,1,1,5,2,0.1821,1,1,0.166666667,2.95
6.287,109.013954,-9.5683,-0.330747578,0.7,9.967957042,0,0,0,2,1,0,2.22549,2,1,0,2.49
3.962,99.994914,-10.1741,-0.480076978,0.454545455,15.82417339,5.969305288,2,2,3,3,3,-0.6359,1,1,0.333333333,2.78
5.524,144.60278,-9.7669,-0.480077692,0.6,15.82417339,5.969305288,1,2,3,2,3,1.1223,2,1,0.181818182,3.37
2.294,96.538847,-12.9299,-0.192273411,0.428571429,0,0,2,1,0,2,0,1.98636,1,0,0,3.42
2.151,214.095942,-12.8548,0,0.441176471,0,0,0,0,0,0,3,4.2893,3,0,0,2.35
5.474,87.265041,-10.9609,-0.364900398,0.75,5.733667477,0,0,1,1,2,1,0.847,1,1,0,2.96
4.167,92.009365,-10.981,-0.19797459,0.777777778,0,0,1,1,0,1,1,1.75268,1,0,0.125,3.08
4.24,131.984288,-10.2733,-0.197974588,0.846153846,0,0,1,1,0,1,1,2.90588,2,0,0.083333333,2.21
7.568,89.49075,-10.2549,-0.398727657,0.666666667,5.733667477,0,2,1,1,2,0,1.14048,1,0,0,0.8
3.161,137.258924,-10.0128,0,1,0,0,0,0,2,2,7,3.1866,0,0,1,0.97
1.626,218.100482,-9.7131,0,1,0,0,0,0,0,0,3,3.4448,3,0,0,1.86
4.743,203.399473,-11.5356,-0.305152394,0.565217391,9.047494323,7.595762327,0,0,0,3,5,5.1728,1,0,0.571428571,2.06
4.806,61.482888,-10.1748,-0.340567857,0.333333333,4.567099648,0,2,1,0,1,0,0.4201,1,1,0.25,1.34
4.542,101.269967,-10.2195,-0.333730112,0.6,4.567099648,0,2,1,0,1,0,1.5733,2,1,0.125,1.74
1.576,163.937865,-10.3486,-0.505617502,0.764705882,5.106527395,0,3,1,1,3,1,2.43452,3,1,0.076923077,1.2
1.996,152.248496,-10.3653,-0.383682131,0.714285714,5.733667477,6.176298517,2,1,2,1,1,2.41127,1,0,0.125,2.07
4.86,82.694991,-11.6776,0,0.8,0,6.176298517,0,0,0,0,0,2.7054,1,0,0.142857143,1.52
4.262,136.419618,-9.718,-0.383682133,0.8,5.733667477,0,2,1,2,1,1,1.39247,1,0,0,1.18
4.843,101.22076,-11.6027,-0.477049577,0.636363636,10.21305479,11.93861058,0,1,2,3,2,1.1445,1,1,0,3.47
1.22,97.566824,-9.7508,-0.314876444,0.75,5.316788604,0,1,1,1,2,2,1.4675,1,1,0.333333333,1.56
5.234,161.889842,-10.1649,-0.307721816,0.8125,10.63357721,6.031114512,0,1,2,1,2,3.3306,2,0,0,1.4
4.644,129.571314,-10.3063,-0.333558358,0.75,10.63357721,6.031114512,0,1,2,1,0,1.8826,0,0,0.888888889,0.9
5.394,79.036445,-10.956,-0.313849907,0.555555556,4.983978521,5.689743398,0,0,2,2,0,-0.62838,1,1,0.2,1.68
4.142,90.856675,-2.3291,-0.481195255,0.571428571,10.84019487,5.969305288,1,2,2,2,2,0.0378,0,0,0.666666667,1.9
2.989,55.912354,-11.7266,-0.324614,0.6,9.786823206,7.595762327,0,0,2,1,0,-0.2061,0,0,1,1.57
9.493,139.895222,-11.3925,-0.22288152,0.714285714,0,0,8,1,0,8,3,-0.467,2,2,0.5,2.77
1.304,99.338114,-11.2885,-0.192437041,0.666666667,0,0,1,1,0,1,0,2.32078,1,0,0,2.19
2.103,121.187038,-10.4912,-0.480077679,0.470588235,10.84019487,5.969305288,1,2,2,2,3,1.3365,1,0,0.222222222,2.14
14.587,130.012627,-11.1139,-0.199251344,0.692307692,0,0,0,0,0,2,1,1.588,2,1,0.222222222,2.39
6.31,83.183826,-12.0248,-0.313497642,0.583333333,4.983978521,11.86604192,0,0,2,2,0,0.082,1,1,0.2,1
7.336,179.564862,-11.4197,-0.432028447,0.6,9.473725908,5.969305288,0,1,0,5,0,2.3949,5,4,0.933333333,1.57
4.073,237.375673,-11.1707,-0.481218929,0.592592593,19.31711626,11.93861058,0,1,1,7,4,2.6024,5,4,0.894736842,1.48
2.73,182.919709,-10.9259,-0.367604464,0.65,14.5802533,0,0,0,1,5,0,2.1867,5,4,1,-0.06
2.187,34.522963,-11.6906,-0.481433475,0.5,5.106527395,0,0,1,1,1,0,0.0909,0,0,0.5,1.76
2.411,63.18014,-10.1203,-0.264736971,0.666666667,0,0,1,1,0,1,0,1.0816,1,1,0,-0.89
3.552,121.182999,-9.8544,-0.25462112,0.666666667,0,0,2,1,0,2,1,2.1436,2,2,0,1.44
2.11,179.102101,-9.7889,-0.25462064,0.666666667,0,0,3,1,0,3,2,3.2056,3,3,0,1.1
6.647,190.518207,-9.835,-0.298949373,0.833333333,0,0,4,1,2,3,3,3.6719,2,0,0,2.71
1.808,43.678156,-10.438,-0.48029713,0.6,10.84019487,5.969305288,1,2,2,2,1,-0.9703,0,0,0.5,2.07
1.876,97.879884,-11.2099,-0.477639241,0.7,5.106527395,5.969305288,0,1,1,1,1,2.0382,1,0,0,1.99
2.146,73.642937,-11.4873,-0.460101417,0.5,9.843390349,5.969305288,0,1,1,3,3,-0.2921,0,0,0.4,3.6
2.079,113.592842,-10.2495,-0.496768215,0.666666667,9.843390349,5.969305288,0,1,1,2,3,1.3223,1,0,0.222222222,1.35
4.361,61.212522,-10.1086,-0.348825792,0.5,4.983978521,0,1,1,1,1,0,0.71812,1,1,0.25,1.97
0,265.977755,-10.7569,-0.288141672,0.666666667,0,0,0,1,2,4,0,3.5044,7,2,0,2.72
6.892,187.059204,-10.575,-0.337914116,0.684210526,4.983978521,0,1,1,2,3,2,2.4766,3,1,0,2.89
4.535,145.69241,-10.9039,-0.294512186,0.5625,0,0,0,1,0,3,2,1.3186,2,1,0.083333333,2.94
4.587,77.022743,-9.9317,-0.398726079,0.75,5.733667477,0,1,1,1,1,0,1.4079,1,0,0,2.63
5.432,79.835309,-9.7052,-0.387524803,0.666666667,11.46733495,0,2,1,2,2,0,-0.4414,0,0,0,2.48
4.259,85.595921,-10.939,-0.507966219,0.666666667,5.106527395,0,0,1,1,2,1,1.2047,1,0,0,2.05
6.768,184.217431,-10.1678,-0.480086286,0.55,26.58029947,11.93861058,1,2,6,6,9,-2.2061,0,0,0.6,2.19
4.167,92.009365,-10.981,-0.19797459,0.777777778,0,0,1,1,0,1,1,1.75268,1,0,0.125,3.08
4.24,131.984288,-10.2733,-0.197974588,0.846153846,0,0,1,1,0,1,1,2.90588,2,0,0.083333333,2.21
5.782,215.510377,-9.7861,-0.310505919,0.761904762,4.899909731,0,1,2,0,2,4,4.9689,3,0,0,2.43
4.939,143.585738,-10.8067,-0.297896406,0.857142857,0,0,0,1,0,1,2,3.1661,2,0,0,2.08
4.508,154.89845,-10.7119,-0.294512201,0.866666667,0,0,0,1,0,1,2,3.5562,2,0,0.071428571,1.7
7.47,111.602131,-10.3469,-0.398727713,0.727272727,5.733667477,0,1,1,2,3,1,0.5155,1,0,0,2.6
4.731,53.73462,-11.4268,-0.215929171,0.8,0,0,0,0,2,2,0,-1.8514,0,0,0,2.33
4.394,73.396323,-10.4771,-0.481175383,0.555555556,15.94672227,11.93861058,1,2,3,3,3,-1.127,0,0,0.5,2.24
1.505,247.1308,-10.1498,0,0.857142857,0,0,0,0,0,3,3,6.8721,4,3,0,2.9
7.369,165.060719,-11.3768,-0.237185926,0.714285714,0,31.06324331,1,1,0,5,3,1.5872,1,1,0.285714286,2.13
10.338,87.116803,-11.5895,-0.541547015,0.583333333,9.901064579,62.7640217,1,2,2,5,1,-6.1743,1,1,0,2.03
15.163,100.881334,-9.8957,-0.545466972,0.833333333,9.901064579,51.38453491,0,1,0,2,2,-2.5463,1,0,0,3.04
2.823,73.378448,-10.4764,-0.481175383,0.555555556,15.94672227,11.93861058,1,2,3,3,3,-1.127,0,0,0.5,2.1
4.13,107.12614,-12.5914,-0.477541297,0.5,10.21305479,11.93861058,0,1,2,2,2,1.6394,1,0,0,2.24
1.704,81.84366,-11.9095,-0.461883828,0.555555556,4.736862954,5.969305288,1,2,0,3,2,0.62928,0,0,0.333333333,2.82
4.882,107.994361,-11.5834,-0.224625316,0.583333333,0,0,0,0,1,2,1,0.6122,1,0,0,2.33
8.977,108.011613,-11.4858,-0.224440964,0.666666667,0,0,0,0,1,2,1,0.6122,1,0,0,1.36
1.319,91.209054,-11.6236,-0.476486705,0.555555556,5.106527395,5.969305288,1,2,1,3,1,1.4947,1,1,0,2.72
4.843,101.22076,-11.6027,-0.477049577,0.636363636,10.21305479,11.93861058,0,1,2,3,2,1.1445,1,1,0,2.89
1.677,117.909982,-10.4519,-0.4800777,0.833333333,10.84019487,5.969305288,1,2,2,2,3,0.641,1,0,0.222222222,2.88
3.163,106.91889,-11.4837,-0.321039149,0.8,9.786823206,7.595762327,0,0,2,1,1,0.4896,1,0,0,3.07
2.62,86.180383,-11.9577,-0.475372895,0.636363636,14.63020573,11.93861058,0,1,2,3,2,0.676,1,1,0,2.6
6.768,184.217431,-10.1678,-0.480086286,0.55,26.58029947,11.93861058,1,2,6,6,9,-2.2061,0,0,0.6,2.19
5.679,112.525224,-10.267,-0.480086286,0.583333333,16.15698348,5.969305288,1,2,3,3,5,-0.6854,0,0,0.714285714,2.29
4.527,61.209105,-10.9813,-0.369231444,0.571428571,11.46733495,0,0,1,2,2,2,-1.6529,0,0,0.333333333,3.25
2.083,239.804731,-10.3169,-0.481230383,0.76,15.16017895,12.06254536,0,1,2,3,7,3.78,3,0,0.3,2.16
