name,SMILES,MinPartialCharge,MaxAbsPartialCharge,StdPartialCharge,ChargeRange,N_O_MinCharge,Frac_NegativeAtoms,PEOE_VSA1,PEOE_VSA14,N_coord,O_coord,coord_types,MolecularWeight,TPSA,HBondDonorCount,HBondAcceptorCount,RotatableBondCount,HeavyAtomCount,FormalCharge,Complexity,LogP,MolarRefractivity,RingCount,AromaticRing,HeteroRing,FSP3
cetyltrimethylammonium chloride,CCCCCCCCCCCCCCCC[N+](C)(C)C.[Cl-],-1.0,1.0,0.2197879016236356,1.0779928278964177,-0.3309148190196808,0.8095238095238095,16.8900640188746,0.0,1,0,1,320.005,0.0,0,0,15,21,0,174.967556752381,3.177900000000001,93.21140000000008,0,0,0,1.0
1H-Pyrazole-1-carboximidamide hydrochloride,C1=CN(N=C1)C(=N)N.Cl,-0.3682365531964851,0.3682365531964851,0.171160789667464,0.5813312828386308,-0.3682365531964851,0.6666666666666666,5.733667477162185,0.0,4,0,1,146.581,67.69,2,2,0,9,0,167.928197133931,0.04647,36.7871,1,1,1,0.0
4-sulfamoylbenzoic acid,C1=CC(=CC=C1C(=O)O)S(=O)(=O)N,-0.4776392430101912,0.4776392430101912,0.2074936162448621,0.8128188878939356,-0.4776392430101912,0.6923076923076923,5.106527394840706,5.969305287951849,0,1,1,201.20299999999995,97.46,2,3,2,13,0,399.8564618723235,0.0322,44.7745,1,1,0,0.0
(3-bromopropyl)trimethoxysilane,CO[Si](CCCBr)(OC)OC,-0.3768250967464755,0.4996683868928538,0.2428631890400409,0.8764934836393294,-0.3768250967464755,0.4545454545454545,13.278015078357752,8.80443515703238,0,0,0,243.173,27.69,0,3,6,11,0,71.77443751081735,1.6495,49.99900000000003,0,0,0,1.0
"2,2,6,6-tetramethyl-1-piperidinyloxy",CC1(CCCC(N1[O])(C)C)C,-0.1439122943190925,0.1439122943190925,0.0536212040081489,0.1882359873448165,-0.1439122943190925,0.8181818181818182,0.0,0.0,1,0,1,156.249,23.14,0,1,0,11,0,126.11730005192324,2.375000000000001,44.534500000000016,1,0,1,1.0
1‐hexyl‐3‐methylimidazolium iodide,CCCCCCN1C=C[N+](=C1)C.[I-],-1.0,1.0,0.2972854806872939,1.2430288257380866,-0.2395339959546719,0.6153846153846154,23.97664012526206,0.0,2,0,1,294.17999999999995,8.809999999999999,0,0,5,13,0,207.56781608877972,-1.1030999999999975,49.75000000000004,1,1,1,0.7
methacrylic acid,CC(=C)C(=O)O,-0.4778969618559836,0.4778969618559836,0.2476649176629331,0.8080603450898094,-0.4778969618559836,0.6666666666666666,5.106527394840706,5.969305287951849,0,1,1,86.08999999999999,37.3,1,1,1,6,0,66.03910001730776,0.6471,22.449799999999996,0,0,0,0.25
d-tryptophan,C1=CC=C2C(=C1)C(=CN2)C[C@H](C(=O)O)N,-0.4800776923593587,0.4800776923593587,0.1937488834671141,0.8003946134185278,-0.4800776923593587,0.6,15.8241733929501,5.969305287951849,1,1,2,204.229,79.11,3,2,3,15,0,473.4988967851897,1.1222999999999996,57.613900000000015,2,2,1,0.1818181818181818
4-hydroxypicolinic acid,C1=CNC(=CC1=O)C(=O)O,-0.476565586586037,0.476565586586037,0.2499226575320089,0.8285008170269359,-0.476565586586037,0.4,10.090505915787915,5.969305287951849,0,1,1,139.11,70.16,2,2,1,10,0,288.9066619574484,0.0730999999999999,34.02199999999999,1,1,1,0.0
diphenyl carbonate,C1=CC=C(C=C1)OC(=O)OC2=CC=CC=C2,-0.3947188446228865,0.5189243309988207,0.2023425774435651,0.9136431756217072,-0.3947188446228865,0.8125,9.473725907600098,6.155365629538759,0,1,1,214.22,35.53,0,3,2,16,0,396.4792309615668,3.264400000000001,59.53600000000003,2,2,0,0.0
3-(2-amino-2-oxoethyl)-1-methyl-1H-imidazol-3-ium chloride,C[N+]1=CN(C=C1)CC(=O)N.[Cl-],-1.0,1.0,0.3569849443274167,1.2591838558737027,-0.3662507730513031,0.4545454545454545,18.14070063834216,0.0,2,1,2,175.61899999999997,51.9,1,1,2,11,0,227.94127869182103,-4.198099999999998,34.802399999999984,1,1,1,0.3333333333333333
N-methyl pyrrolidone,CN1CCCC1=O,-0.3457489149497736,0.3457489149497736,0.1801176184496474,0.5676224784542465,-0.3457489149497736,0.4285714285714285,4.899909730850478,0.0,0,1,1,99.133,20.31,0,1,0,7,0,82.03910001730776,0.2385999999999999,26.870999999999988,1,0,1,0.8
prolinamide,C1C[C@H](NC1)C(=O)N,-0.3683187255098152,0.3683187255098152,0.1961375930708648,0.6023767035808807,-0.3683187255098152,0.75,11.050456081168516,0.0,1,1,2,114.148,55.120000000000005,2,2,1,8,0,86.2114326716684,-0.7763000000000002,30.2191,1,0,1,0.8
Naphthylmethylammonium Iodide,CNC1=CC=CC2=CC=CC=C21.I,-0.3876198054845221,0.3876198054845221,0.1001288372382604,0.4292966796678469,-0.3876198054845221,0.7692307692307693,5.316788604006331,0.0,1,0,1,285.128,12.03,1,1,1,13,0,382.66537277547695,3.4995000000000016,68.90970000000002,2,2,0,0.0909090909090909
2-(furan-3-yl)ethanamine hydrochloride,C1=COC=C1CCN.Cl,-0.472337977485534,0.472337977485534,0.1820403335500951,0.5657848295417347,-0.472337977485534,0.7777777777777778,10.150818414215532,0.0,1,0,1,147.60500000000005,39.16,1,2,2,9,0,125.75835605579972,1.2026,38.714400000000005,1,1,1,0.3333333333333333
"2,6-pyridine dicarboxylate",C1=CC(=NC(=C1)C(=O)[O-])C(=O)[O-],-0.5431183074183069,0.5431183074183069,0.2702809915565313,0.6330880801851415,-0.5431183074183069,0.6666666666666666,19.802129157825057,0.0,1,2,2,165.10399999999996,93.15,0,5,2,12,-2,289.3151246505104,-2.1914,32.898,1,1,1,0.0
n-Butylammonium iodide,CCCCN.I,-0.3304736813706357,0.3304736813706357,0.1067470951890666,0.3227360388642155,-0.3304736813706357,1.0,5.733667477162185,0.0,1,0,1,201.051,26.02,1,1,2,6,0,7.509775004326936,1.3632,39.3774,0,0,0,1.0
Cyclohexylmethylammonium iodide,C1CCC(CC1)C[NH3+].[I-],-1.0,1.0,0.3142610448316196,1.0767891942340664,-0.3573311948973202,0.7777777777777778,29.710307602424244,0.0,1,0,1,241.116,27.64,1,0,1,9,0,51.058650025961626,-2.1873999999999976,34.33009999999998,1,0,0,1.0
Ethylammonium iodide,CCN.I,-0.3307484184390755,0.3307484184390755,0.1234196427740078,0.320172152609869,-0.3307484184390755,1.0,5.733667477162185,0.0,1,0,1,172.997,26.02,1,1,0,4,0,0.0,0.5830000000000002,30.1434,0,0,0,1.0
Guanidinium iodide,C(=N)(N)N.I,-0.3703335316561106,0.3703335316561106,0.2083051993098358,0.5528615339913754,-0.3703335316561106,0.8,11.46733495432437,0.0,3,0,1,186.984,75.89,3,1,0,5,0,23.019550008653876,-0.5434300000000001,31.516500000000008,0,0,0,0.0
4-Fluoro-phenethylammonium iodide,C1=CC(=CC=C1CCN)F.I,-0.3301426070886499,0.3301426070886499,0.1116540828744675,0.4528698361592332,-0.3301426070886499,0.9090909090909092,5.733667477162185,0.0,1,0,1,267.085,26.02,1,1,2,11,0,183.69821324529929,1.9449,54.573400000000014,1,1,0,0.25
2-Fluoro-phenethylammonium iodide,C1=CC=C(C(=C1)CC[NH3+])F.[I-],-1.0,1.0,0.299573623747023,1.1261194141368371,-0.3572835430058163,0.7272727272727273,29.710307602424244,0.0,1,0,1,267.085,27.64,1,0,2,11,0,200.94821324529929,-2.3858999999999986,37.85909999999999,1,1,0,0.25
Benzylammonium iodide,C1=CC=C(C=C1)CN.I,-0.3264975066178272,0.3264975066178272,0.0912832823517529,0.3442582695645812,-0.3264975066178272,0.8888888888888888,5.733667477162185,0.0,1,0,1,235.068,26.02,1,1,1,9,0,141.38429890473827,1.7633,49.74840000000002,1,1,0,0.1428571428571428
Octylammonium iodide,CCCCCCCC[NH3+].[I-],-1.0,1.0,0.2983606957012175,1.073930339206695,-0.357560864886929,0.9,29.710307602424244,0.0,1,0,1,257.159,27.64,1,0,6,10,0,33.30296890880646,-1.407199999999996,41.13109999999999,0,0,0,1.0
"(E,E)-1-[5-(1,3-benzodioxol-5-yl)-1-oxo-2,4-pentadienyl]-piperidine",C1CCN(CC1)C(=O)C=CC=CC2=CC3=C(C=C2)OCO3,-0.4535950776302087,0.4535950776302087,0.186997902141262,0.6996442203062165,-0.4535950776302087,0.6666666666666666,14.373635638450576,0.0,0,1,1,285.3430000000001,38.77,0,3,3,21,0,553.401084448596,2.997200000000001,81.17000000000004,3,1,2,0.3529411764705882
guanidine sulfate,C(=N)(N)N.C(=N)(N)N.OS(=O)(=O)O,-0.3703335316561106,0.3943465294963554,0.2425074577640114,0.764680061152466,-0.3703335316561106,0.7692307692307693,22.93466990864874,10.399000581649606,6,0,1,216.22300000000004,226.38,8,4,0,13,0,194.76392511682727,-2.9756599999999995,46.38039999999998,0,0,0,0.0
"2,2,6,6-tetramethyl-1-piperidinyloxy",CC1(CCCC(N1[O])(C)C)C,-0.1439122943190925,0.1439122943190925,0.0536212040081489,0.1882359873448165,-0.1439122943190925,0.8181818181818182,0.0,0.0,1,0,1,156.249,23.14,0,1,0,11,0,126.11730005192324,2.375000000000001,44.534500000000016,1,0,1,1.0
ethylammonium,CCN.[N+](=O)(O)[O-],-0.3307484184390755,0.3307484184390755,0.1957527234393954,0.6220438975335463,-0.3307484184390755,0.8571428571428571,10.940920501939477,0.0,2,0,1,108.09699999999998,89.39,2,3,0,7,0,31.302968908806456,-0.3826999999999995,23.5093,0,0,0,1.0
imidazolium,C1=C[NH+]=CN1,-0.2503460668537822,0.2503460668537822,0.2070369753432923,0.4891266102820691,-0.2503460668537822,0.4,0.0,0.0,0,0,0,69.08699999999999,29.93,1,0,0,5,1,56.51517763826091,-0.1711999999999999,17.3484,1,1,1,0.0
guanidinium iodide,C(=N)(N)N.I,-0.3703335316561106,0.3703335316561106,0.2083051993098358,0.5528615339913754,-0.3703335316561106,0.8,11.46733495432437,0.0,3,0,1,186.984,75.89,3,1,0,5,0,23.019550008653876,-0.5434300000000001,31.516500000000008,0,0,0,0.0
acrylamide monomer,C=CC(=O)N,-0.3661333301605154,0.3661333301605154,0.2120219684042852,0.6064307284871454,-0.3661333301605154,0.8,5.733667477162185,0.0,0,1,1,71.07900000000001,43.09,1,1,1,5,0,51.058650025961626,-0.3423,19.3914,0,0,0,0.0
tetraoctylammonium chloride,CCCCCCCC[N+](CCCCCCCC)(CCCCCCCC)CCCCCCCC.[Cl-],-1.0,1.0,0.1750096268893343,1.0786130792169253,-0.3236090813636051,0.8823529411764706,16.8900640188746,0.0,1,0,1,502.35600000000056,0.0,0,0,28,34,0,274.43769820069616,8.249200000000007,153.2323999999998,0,0,0,1.0
"naphthalene-1,8-dicarboximide",C1=CC2=C3C(=C1)C(=O)NC(=O)C3=CC=C2,-0.2881416866001972,0.2881416866001972,0.1557483439927359,0.5464079083598489,-0.2881416866001972,0.6666666666666666,0.0,0.0,0,2,1,197.193,46.17,1,2,0,15,0,539.2598416777059,1.7233999999999998,55.744700000000016,3,2,1,0.0
"perylene-3,4-dicarboximide",C1=CC2=C3C(=C1)C4=C5C(=CC=C6C5=C(C=C4)C(=O)NC6=O)C3=CC=C2,-0.2881416716408688,0.2881416716408688,0.1216535233608869,0.5464090052984769,-0.2881416716408688,0.8,0.0,0.0,0,2,1,321.33500000000004,46.17,1,2,0,25,0,1283.6758201737257,4.620800000000003,99.44870000000004,6,5,1,0.0
Theophylline,CN1C2=C(C(=O)N(C1=O)C)NC=N2,-0.33872132070702,0.33872132070702,0.2265492083726775,0.6704245681053593,-0.33872132070702,0.4615384615384615,4.9839785209472085,5.689743398203474,3,0,1,180.167,72.68,1,3,0,13,0,555.7163275008263,-1.0397000000000003,46.575700000000005,2,2,2,0.2857142857142857
Caffeine,CN1C=NC2=C1C(=O)N(C(=O)N2C)C,-0.3278634660994821,0.3317034326359889,0.217994187230126,0.659566898735471,-0.3278634660994821,0.4285714285714285,4.567099647791355,5.689743398203474,4,0,1,194.194,61.82,0,3,0,14,0,597.2256230854155,-1.0293,51.19600000000001,2,2,2,0.375
Theobromine,CN1C=NC2=C1C(=O)NC(=O)N2C,-0.3278697741177671,0.329317287720985,0.2259165922744201,0.6571870618387521,-0.3278697741177671,0.4615384615384615,4.567099647791355,5.689743398203474,3,0,1,180.167,72.68,1,3,0,13,0,555.7163275008263,-1.0397,46.575700000000005,2,2,2,0.2857142857142857
2-aminoethylphosphonic acid,C(CP(=O)(O)O)N,-0.3298319763651285,0.3298319763651285,0.2375197671271643,0.6561622913202234,-0.3298319763651285,0.5714285714285714,15.520490682667134,7.595762326787885,1,0,1,125.06399999999998,83.55,3,2,2,7,0,74.03910001730775,-0.8772000000000002,25.9655,0,0,0,1.0
hypotaurine,C(CS(=O)O)N,-0.329469084637712,0.329469084637712,0.1885699412964631,0.4830425167172032,-0.329469084637712,0.5,10.286417350852547,0.0,1,0,1,109.15,63.31999999999999,2,2,2,6,0,44.0,-0.8331999999999997,24.6926,0,0,0,1.0
β-alanine(beta-alanine),C(CN)C(=O)O,-0.481195254586476,0.481195254586476,0.2640951420731063,0.785320470457577,-0.481195254586476,0.5,10.84019487200289,5.969305287951849,1,1,2,89.09399999999998,63.32000000000001,2,2,2,6,0,44.0,-0.5802,21.3072,0,0,0,0.6666666666666666
2-hydroxy-4-methoxybenzophenone,COC1=CC(=C(C=C1)C(=O)C2=CC=CC=C2)O,-0.5070406870065455,0.5070406870065455,0.1921682276734041,0.7032844943258466,-0.5070406870065455,0.5882352941176471,9.843390348640757,0.0,0,1,1,228.247,46.53,1,3,3,17,0,520.9895034570898,2.6318000000000006,64.53330000000003,2,2,0,0.0714285714285714
Indigo dye ,C1=CC=C2C(=C1)C(=C(N2)C3=NC4=CC=CC=C4C3=O)O,-0.5049680851923583,0.5049680851923583,0.17420854872767,0.7202937251638463,-0.5049680851923583,0.6,10.090505915787915,0.0,1,1,2,262.268,65.45,2,3,1,20,0,871.9446314679769,3.190600000000002,76.93300000000004,4,3,2,0.0
[2-(9H-carbazol-9-yl)ethyl]phosphonic acid,C1=CC=C2C(=C1)C3=CC=CC=C3N2CCP(=O)(O)O,-0.3398219811102093,0.3398219811102093,0.1568004574462538,0.666677416176124,-0.3398219811102093,0.631578947368421,14.353922853296304,7.595762326787885,1,0,1,275.2439999999999,62.46000000000001,2,1,3,19,0,711.688480757573,2.9722000000000017,76.35510000000002,3,3,1,0.1428571428571428
octylphosphonic acid,CCCCCCCCP(=O)(O)O,-0.3244220090988002,0.3250619266181701,0.167791595459093,0.6494839357169704,-0.3244220090988002,0.8333333333333334,9.78682320550495,7.595762326787885,0,0,0,194.211,57.53,2,1,7,12,0,126.97373660251154,2.5246000000000013,50.28710000000003,0,0,0,1.0
2-fluoroethylamine,C(CF)N,-0.3279985182906302,0.3279985182906302,0.1795328213325223,0.4296098644972949,-0.3279985182906302,0.5,5.733667477162185,0.0,1,0,1,63.07499999999999,26.02,1,1,1,4,0,2.0,-0.0853999999999998,15.029400000000004,0,0,0,1.0
"2,2-difluoroethylamine",C(C(F)F)N,-0.3254868945612102,0.3254868945612102,0.2099006536653262,0.5756581503147312,-0.3254868945612102,0.6,5.733667477162185,0.0,1,0,1,81.06500000000001,26.02,1,1,1,5,0,14.0,0.2102000000000001,15.058400000000002,0,0,0,1.0
"2, 2, 2-trifluoroethylamine",C(C(F)(F)F)N.Cl,-0.3227526419248896,0.4003882570684754,0.2224344732497976,0.7231408989933651,-0.3227526419248896,0.7142857142857143,5.733667477162185,6.176298517443475,1,0,1,135.51600000000005,26.02,1,1,0,7,0,29.793193904479523,0.9292,22.3574,0,0,0,1.0
11-Maleimidoundecanoic acid,C1=CC(=O)N(C1=O)CCCCCCCCCCC(=O)O,-0.481230389785217,0.481230389785217,0.1877200304163653,0.7840699463174007,-0.481230389785217,0.65,5.106527394840706,5.969305287951849,0,3,1,281.3519999999999,74.68,1,3,11,20,0,338.23460010384656,2.5069,75.04880000000004,1,0,1,0.6666666666666666
pentafluorophenyl acrylate,C=CC(=O)OC1=C(C(=C(C(=C1F)F)F)F)F,-0.4168205184539103,0.4168205184539103,0.2241221540821906,0.7520723486130196,-0.4168205184539103,0.5,4.736862953800049,5.969305287951849,0,1,1,238.11099999999996,26.3,0,2,2,16,0,418.5914941262542,2.4735000000000005,42.064,1,1,0,0.0
(pentaerythritol tetrakis (3-mercaptopropionate),C(CS)C(=O)OCC(COC(=O)CCS)(COC(=O)CCS)COC(=O)CCS,-0.4646386705684034,0.4646386705684034,0.2349526635906989,0.7707735848734365,-0.4646386705684034,0.4137931034482758,18.9474518152002,23.8772211518074,0,4,1,488.67100000000033,105.20000000000002,4,12,16,29,0,396.6579249529183,1.4251999999999998,120.14900000000004,0,0,0,0.7647058823529411
3-hexylthiophene,CCCCCCC1=CSC=C1,-0.1521555148513981,0.1521555148513981,0.0369514155155966,0.146029451527864,0.0,1.0,0.0,0.0,0,0,0,168.305,0.0,0,1,5,11,0,160.17380772568063,3.8709000000000033,52.16500000000004,1,1,1,0.6
adamantane,C1C2CC3CC1CC(C2)C3,-0.0475496922422539,0.0475496922422539,0.0033863753001472,0.0069124096357708,0.0,1.0,0.0,0.0,0,0,0,136.23799999999997,0.0,0,0,0,10,0,91.58797503894242,2.832600000000001,41.66200000000001,4,0,0,1.0
1-adamantylamine,C1C2CC3CC1CC(C2)(C3)N,-0.3250304809663282,0.3250304809663282,0.0853546713537473,0.3412145929829491,-0.3250304809663282,0.9090909090909092,5.733667477162185,0.0,1,0,1,151.253,26.02,1,1,0,11,0,145.19311924156366,1.9139,45.09040000000002,4,0,0,1.0
trimethylolpropane triacrylate,CCC(COC(=O)C=C)(COC(=O)C=C)COC(=O)C=C,-0.4616743059623329,0.4616743059623329,0.2352086415742292,0.7913369239525209,-0.4616743059623329,0.5238095238095238,14.210588861400147,17.90791586385555,0,3,1,296.319,78.9,0,6,10,21,0,345.9407100628639,1.5704,76.19200000000002,0,0,0,0.4
2-adamantanone,C1C2CC3CC1CC(C2)C3=O,-0.2990879861179407,0.2990879861179407,0.0980904548784396,0.437669083667725,-0.2990879861179407,0.7272727272727273,0.0,0.0,0,1,1,150.22099999999998,17.07,0,1,0,11,0,172.0838499786226,2.0116,42.052000000000014,4,0,0,0.9
1-adamantane carboxylic acid,C1C2CC3CC1CC(C2)(C3)C(=O)O,-0.4808213216267683,0.4808213216267683,0.168734007018557,0.7899806100711022,-0.4808213216267683,0.8461538461538461,5.106527394840706,5.969305287951849,0,1,1,180.247,37.3,1,1,1,13,0,213.47971260168305,2.2874,48.24080000000002,4,0,0,0.9090909090909092
1-adamantaneacetic acid,C1C2CC3CC1CC(C2)(C3)CC(=O)O,-0.4812151716584655,0.4812151716584655,0.1609786624100133,0.7846211769246656,-0.4812151716584655,0.8571428571428571,5.106527394840706,5.969305287951849,0,1,1,194.274,37.3,1,1,2,14,0,225.9276631200815,2.6775,52.85780000000003,4,0,0,0.9166666666666666
"2,2-difluoropropanediamide",C(=O)(C(C(=O)N)(F)F)N,-0.3639439248285856,0.3997046507896705,0.2921058725944391,0.763648575618256,-0.3639439248285856,0.6666666666666666,11.46733495432437,5.922529168094576,0,2,1,138.073,86.17999999999999,2,2,2,9,0,122.11730005192324,-1.4077000000000002,23.33580000000001,0,0,0,0.3333333333333333
triphenylphosphine oxide,C1=CC=C(C=C1)P(=O)(C2=CC=CC=C2)C3=CC=CC=C3,-0.3086347994521468,0.3086347994521468,0.0810141990461761,0.4791467362802318,-0.3086347994521468,0.8,4.565048284931329,0.0,0,0,0,278.291,17.07,0,1,3,20,0,606.3410076853721,3.3260000000000014,85.83450000000005,3,3,0,0.0
tetraisopropyl methylenediphosphonate,CC(C)OP(=O)(CP(=O)(OC(C)C)OC(C)C)OC(C)C,-0.3053644289549855,0.3427483670678294,0.1887679157818279,0.648112796022815,-0.3053644289549855,0.6666666666666666,18.09498864684727,15.19152465357577,0,0,0,344.3250000000001,71.06000000000002,0,6,10,21,0,301.4995490565423,5.0301000000000045,84.96400000000007,0,0,0,1.0
tris(pentafluorophenyl) phosphine,C1(=C(C(=C(C(=C1F)F)P(C2=C(C(=C(C(=C2F)F)F)F)F)C3=C(C(=C(C(=C3F)F)F)F)F)F)F)F,-0.2027889090602101,0.2027889090602101,0.1842398436310723,0.4028578532451984,0.0,0.4411764705882353,0.0,0.0,0,0,0,532.142,0.0,0,0,3,34,0,1075.363119885808,5.531300000000001,84.51800000000001,3,3,0,0.0
"1,2,4‐triazole",C1=NC=NN1,-0.2661367467416017,0.2661367467416017,0.1705531632592413,0.403134001864575,-0.2661367467416017,0.6,0.0,0.0,2,0,1,69.067,41.57,1,2,0,5,0,56.51517763826091,-0.1953,16.3827,1,1,1,0.0
N-(4-bromophenyl)thiourea,C1=CC(=CC=C1NC(=S)N)Br,-0.3760476532288073,0.3760476532288073,0.1487896533741439,0.5436765658429653,-0.3760476532288073,0.7272727272727273,11.050456081168516,0.0,2,0,1,231.118,38.05,2,1,1,11,0,241.24574977888085,2.1046,54.55010000000001,1,1,0,0.0
morpholine,C1COCCN1,-0.3788125135797184,0.3788125135797184,0.1829802791669597,0.4379205858252994,-0.3788125135797184,0.3333333333333333,10.05365155780638,0.0,1,0,1,87.122,21.26,1,2,0,6,0,15.509775004326936,-0.3938000000000001,23.688699999999997,1,0,1,1.0
"3,5-morpholone(Morpholine-3,5-dione)",C1C(=O)NC(=O)CO1,-0.3618018522519596,0.3618018522519596,0.2497791246779588,0.6139305729874207,-0.3618018522519596,0.5,4.736862953800049,0.0,0,2,1,115.088,55.400000000000006,1,3,0,8,0,106.0,-1.3406000000000002,23.968699999999995,1,0,1,0.5
3-morpholone,C1COCC(=O)N1,-0.369813236012941,0.369813236012941,0.2324910338910475,0.6153923454208832,-0.369813236012941,0.4285714285714285,10.05365155780638,0.0,0,1,1,101.105,38.33,1,2,0,7,0,64.10749561002055,-0.8672,23.828699999999998,1,0,1,0.75
2-methylbenzimidazole,CC1=NC2=CC=CC=C2N1,-0.3422144008818056,0.3422144008818056,0.1333390098069411,0.445795732216509,-0.3422144008818056,0.7,4.9839785209472085,0.0,1,0,1,132.16599999999997,28.68,1,1,0,10,0,308.56579693179106,1.87132,40.830700000000014,2,2,1,0.125
4-aminopyridine,C1=CN=CC=C1N,-0.398638990921876,0.398638990921876,0.1599045482523193,0.4330754483109666,-0.398638990921876,0.5714285714285714,5.733667477162185,0.0,2,0,1,94.117,38.91,1,2,0,7,0,129.96566024533826,0.6638000000000001,28.6494,1,1,1,0.0
Lansoprazole,CC1=C(C=CN=C1CS(=O)C2=NC3=CC=CC=C3N2)OCC(F)(F)F,-0.4837237179983507,0.4837237179983507,0.187825955872984,0.9057904049723996,-0.4837237179983507,0.56,9.720841474747257,6.176298517443475,2,0,1,369.36800000000005,67.87,1,4,5,25,0,850.7874646671855,3.515220000000002,86.73010000000005,3,3,2,0.25
"1,8-Naphthyridine",C1=CC2=C(N=C1)N=CC=C2,-0.2366405676451022,0.2366405676451022,0.1140411337641992,0.3952218329653882,-0.2366405676451022,0.6,0.0,0.0,2,0,1,130.14999999999998,25.78,0,2,0,10,0,271.0151824090548,1.6298,39.53800000000002,2,2,2,0.0
hypoxanthine,C1=NC2=C(N1)C(=O)NC=N2,-0.338674824204365,0.338674824204365,0.2232822690306714,0.6149328229267219,-0.338674824204365,0.5,9.967957041894415,0.0,2,0,1,136.11399999999998,74.43,2,3,0,10,0,387.33055691677015,-0.3538,34.50939999999999,2,2,2,0.0
"3,5-Difluorophenylboronic acid",B(C1=CC(=CC(=C1)F)F)(O)O,-0.4231748562673401,0.4881286469063188,0.2495126656367853,0.9113035031736588,-0.4231748562673401,0.6363636363636364,10.048045150132006,7.118392334224363,0,0,0,157.91200000000003,40.46,2,2,1,11,0,225.96526492984663,-0.3553999999999999,36.18360000000001,1,1,0,0.0
adenine,C1=NC2=NC=NC(=C2N1)N,-0.381798268399509,0.381798268399509,0.2121412760906094,0.5640390043340267,-0.381798268399509,0.5,10.717645998109392,0.0,4,0,1,135.12999999999997,80.48,2,4,0,10,0,341.5657969317911,-0.0649,36.0961,2,2,2,0.0
cytosine,C1=C(NC(=O)N=C1)N,-0.3851034720328984,0.3851034720328984,0.2279830561410588,0.7310365571728099,-0.3851034720328984,0.625,5.733667477162185,5.689743398203474,2,0,1,111.104,71.77,2,3,0,8,0,217.47996149735152,-0.6478999999999999,29.270100000000003,1,1,1,0.0
thiourea ,C(=S)(N)N,-0.3765057148380912,0.3765057148380912,0.2293932329905256,0.5370020136377324,-0.3765057148380912,0.75,11.46733495432437,0.0,2,0,1,76.12400000000001,52.04,2,1,0,4,0,23.019550008653876,-0.8113000000000001,20.972800000000007,0,0,0,0.0
thioacetamide ,CC(=S)N,-0.3935519604926499,0.3935519604926499,0.1756396794073815,0.4630882054708386,-0.3935519604926499,0.75,5.733667477162185,0.0,1,0,1,75.13600000000001,26.02,1,1,0,4,0,23.019550008653876,0.2924000000000001,22.4594,0,0,0,0.5
dimethyl sulfide ,CSC,-0.1688616875245137,0.1688616875245137,0.0707971693630371,0.1501834756362481,0.0,1.0,0.0,0.0,0,0,0,62.137,0.0,0,1,0,3,0,0.0,0.9792,19.439,0,0,0,1.0
Malonamide,C(C(=O)N)C(=O)N,-0.3692314443218015,0.3692314443218015,0.2566281428238656,0.5955784917863767,-0.3692314443218015,0.5714285714285714,11.46733495432437,0.0,0,2,1,102.093,86.18,2,2,2,7,0,76.2114326716684,-1.6528999999999998,23.005800000000004,0,0,0,0.3333333333333333
3-Thiopheneboronic acid,B(C1=CSC=C1)(O)O,-0.423158785328188,0.4887755557279115,0.2692551384425012,0.9119343410560996,-0.423158785328188,0.875,10.048045150132006,7.118392334224363,0,0,0,127.96099999999996,40.46,2,3,1,8,0,135.0817365257523,-0.5721,34.1446,1,1,1,0.0
formamid,C(=O)N,-0.3722635698847092,0.3722635698847092,0.2525969569439895,0.5762943624421655,-0.3722635698847092,0.6666666666666666,5.733667477162185,0.0,0,1,1,45.041,43.09,1,1,0,3,0,7.509775004326936,-0.8985000000000001,10.2514,0,0,0,0.0
d benzylamine,C1=CC=C(C=C1)CN,-0.3264975066178272,0.3264975066178272,0.0964054614851671,0.3442582695645812,-0.3264975066178272,0.875,5.733667477162185,0.0,1,0,1,107.156,26.02,1,1,1,8,0,141.38429890473827,1.1453,34.33339999999999,1,1,0,0.1428571428571428
benzamide ,C1=CC=C(C=C1)C(=O)N,-0.3655995116322135,0.3655995116322135,0.1637729131597803,0.6137946258778618,-0.3655995116322135,0.7777777777777778,5.733667477162185,0.0,0,1,1,121.13899999999998,43.09,1,1,1,9,0,196.53811204568345,0.7855000000000001,34.9599,1,1,0,0.0
4-fluorobenzamide,C1=CC(=CC=C1C(=O)N)F,-0.3655994882801228,0.3655994882801228,0.1731587113575481,0.6137980768714215,-0.3655994882801228,0.7,5.733667477162185,0.0,0,1,1,139.129,43.09,1,1,1,10,0,228.7201524320101,0.9246,34.9179,1,1,0,0.0
4-chlorobenzamide,C1=CC(=CC=C1C(=O)N)Cl,-0.3655994999205521,0.3655994999205521,0.159263698944571,0.6137963598630456,-0.3655994999205521,0.7,5.733667477162185,0.0,0,1,1,155.584,43.09,1,1,1,10,0,228.7201524320101,1.4388999999999998,39.9699,1,1,0,0.0
"3,4-Bis(4-bromophenyl)cyclobut-3-ene-1,2-dione",C1=CC(=CC=C1C2=C(C(=O)C2=O)C3=CC=C(C=C3)Br)Br,-0.2848208055200817,0.2848208055200817,0.1203863827649847,0.5192640735736294,-0.2848208055200817,0.7,0.0,0.0,0,0,0,392.046,34.14,0,2,2,20,0,748.0731480351998,4.141600000000002,87.626,3,3,0,0.0
"2,7-dioctyl[1]benzothieno[3,2-b][1]benzothiophene",CCCCCCCCC1=CC2=C(C=C1)C3=C(S2)C4=C(S3)C=C(C=C4)CCCCCCCC,-0.133601118126316,0.133601118126316,0.0421339252058392,0.1877618370216431,0.0,0.8125,0.0,0.0,0,0,0,464.7840000000005,0.0,0,2,14,32,0,1013.6345368128272,11.075199999999986,148.87399999999982,4,4,2,0.5333333333333333
"4,4′-carbonyldiphthalic anhydride",C1=CC2=C(C=C1C(=O)C3=CC4=C(C=C3)C(=O)OC4=O)C(=O)OC2=O,-0.3856566919980714,0.3856566919980714,0.2206577411423318,0.732085221684527,-0.3856566919980714,0.5416666666666666,9.473725907600098,23.8772211518074,0,5,1,322.22800000000007,103.81,0,7,2,24,0,899.5930578344974,1.5388000000000002,75.80850000000002,4,2,2,0.0
"4,4′(Hexafluoroisopropylidene)diphthalic anhydride",C1=CC2=C(C=C1C(C3=CC4=C(C=C3)C(=O)OC4=O)(C(F)(F)F)C(F)(F)F)C(=O)OC2=O,-0.3856568415381616,0.4107222249332651,0.2275494444751602,0.7963790664714268,-0.3856568415381616,0.6451612903225806,9.473725907600098,36.229818186694345,0,4,1,444.239,86.74000000000001,0,6,2,31,0,1058.000082685166,3.7185000000000006,85.26600000000003,4,2,2,0.1578947368421052
barbituric acid,C1C(=O)NC(=O)NC1=O,-0.2773161608458374,0.3275980302721045,0.2526838649547465,0.6049141911179419,-0.2773161608458374,0.5555555555555556,0.0,6.031114512338072,0,4,1,128.087,75.27000000000001,2,3,0,9,0,127.19311924156366,-1.2575,26.2984,1,0,1,0.25
propanedioic acid,C(C(=O)O)C(=O)O,-0.4808059082153091,0.4808059082153091,0.324747620888756,0.7950075897141777,-0.4808059082153091,0.5714285714285714,10.213054789681411,11.9386105759037,0,2,1,104.061,74.6,2,2,2,7,0,76.2114326716684,-0.4543,19.8886,0,0,0,0.3333333333333333
urea,C(=O)(N)N,-0.3518462395056391,0.3518462395056391,0.2745950255137812,0.6609026409284701,-0.3518462395056391,0.75,11.46733495432437,6.031114512338072,0,2,1,60.05599999999999,69.11,2,1,0,4,0,23.019550008653876,-0.9762,13.7708,0,0,0,0.0
phenylethylammonium iodidePEAI,C1=CC=C(C=C1)CC[NH3+].[I-],-1.0,1.0,0.2995351182266932,1.078031982861375,-0.3572850743247592,0.8,29.710307602424244,0.0,1,0,1,249.095,27.64,1,0,2,10,0,152.9490957526401,-2.5249999999999977,37.90109999999999,1,1,0,0.25
phenylbutylammonium iodidePBAI,C1=CC=C(C=C1)CCCC[NH3+].[I-],-1.0,1.0,0.2758224179915144,1.073941880973194,-0.3575607018231983,0.9166666666666666,29.710307602424244,0.0,1,0,1,277.149,27.64,1,0,4,12,0,176.4896154807834,-1.744799999999997,47.13510000000002,1,1,0,0.4
Phenylpropylammonium IodidePPAI,C1=CC=C(C=C1)CCCN.I,-0.3304617924320307,0.3304617924320307,0.0832827852185703,0.3230512884023777,-0.3304617924320307,1.0,5.733667477162185,0.0,1,0,1,263.122,26.02,1,1,3,11,0,164.65300142116237,2.1959,59.23240000000003,1,1,0,0.3333333333333333
"1,3-dihydroxypropan-2-one",C(C(=O)CO)O,-0.388490605626107,0.388490605626107,0.2471509691917289,0.5714007003131555,-0.388490605626107,0.5,10.213054789681411,0.0,0,1,1,90.078,57.53,2,3,2,6,0,38.0,-1.4599000000000002,19.1786,0,0,0,0.6666666666666666
tetramethylammonium chloride,C[N+](C)(C)C.[Cl-],-1.0,1.0,0.3959836774911543,1.0674607202200848,-0.3333510191671373,0.3333333333333333,16.8900640188746,0.0,1,0,1,109.6,0.0,0,0,0,6,0,15.509775004326936,-2.673599999999997,23.95639999999999,0,0,0,1.0
chlorocholine chloride,C[N+](C)(C)CCCl.[Cl-],-1.0,1.0,0.3542230011047654,1.0917645837167225,-0.3299267670427487,0.375,16.8900640188746,0.0,1,0,1,158.072,0.0,0,0,2,8,0,38.49022499567306,-2.064599999999997,33.619399999999985,0,0,0,1.0
choline chloride,C[N+](C)(C)CCO.[Cl-],-1.0,1.0,0.3665122925729203,1.1014934858494825,-0.3905152898939616,0.375,21.996591413715308,0.0,1,0,1,139.62599999999998,20.23,1,1,2,8,0,38.49022499567306,-3.311099999999997,29.985199999999985,0,0,0,1.0
benzyltrimethylammonium chloride,C[N+](C)(C)CC1=CC=CC=C1.[Cl-],-1.0,1.0,0.2896469337023273,1.1037405099758826,-0.3271649832460717,0.5833333333333334,16.8900640188746,0.0,1,0,1,185.698,0.0,0,0,2,12,0,203.22996149735152,-1.1031999999999984,48.17840000000004,1,1,0,0.4
N-hydroxysuccinimide,C1CC(=O)N(C1=O)O,-0.27851195922612,0.27851195922612,0.2126243131055299,0.5318104660687963,-0.27851195922612,0.5,0.0,0.0,0,2,1,115.08799999999998,57.61,1,3,0,8,0,114.97373660251156,-0.4754,22.8735,1,0,1,0.5
5-chloroindole,C1=CC2=C(C=CN2)C=C1Cl,-0.3611748871655983,0.3611748871655983,0.1101762711184772,0.406619783521765,-0.3611748871655983,0.6,4.9839785209472085,0.0,0,0,0,151.59599999999998,15.79,1,0,0,10,0,341.5657969317911,2.8213,43.308700000000016,2,2,1,0.0
D-penicillamine,CC(C)([C@H](C(=O)O)N)S,-0.4800480707704972,0.4800480707704972,0.2277156852489673,0.8014398984987082,-0.4800480707704972,0.6666666666666666,10.84019487200289,5.969305287951849,1,1,2,149.215,63.31999999999999,3,3,2,9,0,103.69694286392864,0.1067000000000003,38.6762,0,0,0,0.8
N-tert-butyl-2-benzothiazolesulfenamide,CC(C)(C)NSC1=NC2=CC=CC=C2S1,-0.2525602584106278,0.2525602584106278,0.1022442001965164,0.4181472127576082,-0.2525602584106278,0.7333333333333333,0.0,0.0,2,0,1,238.38100000000003,24.92,1,4,2,15,0,407.2514042636997,3.691500000000002,68.36570000000003,2,2,1,0.3636363636363636
18-Crown-6,C1COCCOCCOCCOCCOCCO1,-0.3766676360734525,0.3766676360734525,0.2106150694756966,0.4467820315390227,-0.3766676360734525,0.3333333333333333,28.42117772280029,0.0,0,0,0,264.3179999999999,55.38000000000001,0,6,0,18,0,75.05865002596161,0.099600000000001,64.91400000000006,1,0,1,1.0
Dibenzo-18-Crown-6,C1COC2=CC=CC=C2OCCOCCOC3=CC=CC=C3OCCO1,-0.4872974934790657,0.4872974934790657,0.2260108664772292,0.648088393434342,-0.4872974934790657,0.5384615384615384,28.42117772280029,0.0,0,0,0,360.40600000000006,55.38000000000001,0,6,0,26,0,528.4914995577616,2.948800000000001,96.50200000000004,3,2,1,0.4
trifluoroacetamide,C(=O)(C(F)(F)F)N,-0.3618410396243154,0.4704417451482512,0.2904365151911762,0.8322827847725667,-0.3618410396243154,0.7142857142857143,5.733667477162185,12.08347824679498,0,1,1,113.03800000000004,43.09,1,1,0,7,0,72.52932501298082,0.0340000000000001,15.2494,0,0,0,0.5
"2,2-Bis(3-amino-4-hydroxyphenyl)hexafluoropropane",C1=CC(=C(C=C1C(C2=CC(=C(C=C2)O)N)(C(F)(F)F)C(F)(F)F)N)O,-0.5057957951832727,0.5057957951832727,0.2310110587672431,0.916520006814951,-0.5057957951832727,0.72,21.68038974400578,12.35259703488695,2,0,1,366.261,92.5,4,4,2,25,0,696.1009242880399,3.672900000000001,77.9284,2,2,0,0.2
4-aminomethyltetrahydropyran,C1COCCC1CN,-0.3814289730549631,0.3814289730549631,0.1580728851091898,0.4282958393368284,-0.3814289730549631,0.75,10.470530430962237,0.0,1,0,1,115.176,35.25,1,2,1,8,0,51.058650025961626,0.3717,32.597399999999986,1,0,1,1.0
1-chlorobutane,CCCCCl,-0.126717152212131,0.126717152212131,0.0478138943896121,0.1490026373342201,0.0,0.8,0.0,0.0,0,0,0,92.569,0.0,0,0,2,5,0,7.509775004326936,2.0253,25.62799999999999,0,0,0,1.0
amino trimethylene phosphonic acid,C(N(CP(=O)(O)O)CP(=O)(O)O)P(=O)(O)O,-0.3235288586841577,0.338972869862796,0.2627807530325709,0.6625017285469537,-0.3235288586841577,0.625,29.36046961651485,22.787286980363657,1,0,1,299.049,175.82999999999998,6,4,6,16,0,279.17595007788486,-1.3060000000000005,52.57230000000003,0,0,0,1.0
fumaric acid,C(=C/C(=O)O)\\C(=O)O,-0.4780707501605797,0.4780707501605797,0.3018741794796788,0.8061366139197215,-0.4780707501605797,0.5,10.213054789681411,11.9386105759037,0,2,1,116.07199999999996,74.6,2,2,2,8,0,110.97373660251154,-0.2881999999999998,24.411599999999996,0,0,0,0.0
sodium p-toluenesulfonate,CC1=CC=C(C=C1)S(=O)(=O)[O-].[Na+],-0.7440357687000244,1.0,0.3752830187207241,1.7440357687000243,-0.7440357687000244,0.75,4.552749873690364,29.557286032607934,0,0,0,194.187,57.2,0,3,1,12,0,322.805989195052,-2.0968799999999987,39.14220000000002,1,1,0,0.1428571428571428
4′-heptyl-4-biphenylcarbonitrile,CCCCCCCC1=CC=C(C=C1)C2=CC=C(C=C2)C#N,-0.1924370457539324,0.1924370457539324,0.0511684016413587,0.2915466161850769,-0.1924370457539324,0.9047619047619048,0.0,0.0,1,0,1,277.41100000000006,23.79,0,1,7,21,0,566.9305298596934,5.738180000000005,89.05600000000005,2,2,0,0.35
tris(pentafluorophenyl)boron,B(C1=C(C(=C(C(=C1F)F)F)F)F)(C2=C(C(=C(C(=C2F)F)F)F)F)C3=C(C(=C(C(=C3F)F)F)F)F,-0.2040986647071263,0.2645655342792412,0.1868214545138696,0.4686641989863674,0.0,0.4411764705882353,0.0,0.0,0,0,0,511.98,0.0,0,0,3,34,0,1075.363119885808,4.2893,83.35200000000003,3,3,0,0.0
glutaric acid,C(CC(=O)O)CC(=O)O,-0.4812302279755882,0.4812302279755882,0.2804458913028171,0.7840860186240074,-0.4812302279755882,0.5555555555555556,10.213054789681411,11.9386105759037,0,2,1,132.115,74.6,2,2,4,9,0,95.20671786825557,0.3258999999999997,29.12259999999999,0,0,0,0.6
cyanuric fluoride,C1(=NC(=NC(=N1)F)F)F,-0.1613126095669318,0.316038852625429,0.2234893917430893,0.4773514621923608,-0.1547262430584971,0.6666666666666666,0.0,18.23452154204648,3,0,1,135.048,38.67,0,3,0,9,0,160.80051514850786,0.2889,19.701,1,1,1,0.0
melamine,C1(=NC(=NC(=N1)N)N)N,-0.367590742812541,0.367590742812541,0.2475203978472802,0.5937010223415002,-0.367590742812541,0.6666666666666666,17.201002431486554,0.0,6,0,1,126.12300000000003,116.73,3,6,0,9,0,160.80051514850786,-1.3818,33.0642,1,1,1,0.0
cyanuric acid,C1(=O)NC(=O)NC(=O)N1,-0.2589866878617636,0.3304965295315095,0.2752874092213246,0.5894832173932731,-0.2589866878617636,0.6666666666666666,0.0,17.06923019461042,0,0,0,129.075,98.57999999999998,3,3,0,9,0,262.5390672848957,-2.2485000000000004,28.3041,1,1,1,0.0
cyanuric chloride,C1(=NC(=NC(=N1)Cl)Cl)Cl,-0.1868323652177842,0.2274598147645861,0.1715564918448043,0.4142921799823703,-0.1868323652177842,0.6666666666666666,0.0,0.0,3,0,1,184.413,38.67,0,3,0,9,0,160.80051514850786,1.8318,34.857000000000006,1,1,1,0.0
thiocyanuric acid,C1(=S)NC(=S)NC(=S)N1,-0.3092689541768409,0.3092689541768409,0.1994069682639583,0.4875768801522736,-0.3092689541768409,0.6666666666666666,14.951935562841626,0.0,0,0,0,177.27900000000002,47.37,3,3,0,9,0,262.5390672848957,1.8593699999999995,41.99609999999999,1,1,1,0.0
hydrogen octylphosphonate potassium,CCCCCCCCP(=O)(O)[O-].[K+],-0.7786237793660733,1.0,0.3752359971681021,1.7786237793660733,-0.7786237793660733,0.7692307692307693,14.35187149043628,51.38453490628663,0,0,0,232.301,60.36,1,2,7,13,0,126.97373660251154,-1.1033999999999988,48.06830000000003,0,0,0,1.0
"3,5-bis(trifluoromethyl)benzoic acid",C1=C(C=C(C=C1C(F)(F)F)C(F)(F)F)C(=O)O,-0.4776389469153638,0.4776389469153638,0.2317396191826536,0.893589784225681,-0.4776389469153638,0.6470588235294118,5.106527394840706,18.3219023228388,0,1,1,258.117,37.3,1,1,1,17,0,390.08202436150617,3.422400000000001,43.4053,1,1,0,0.2222222222222222
4-(aminomethyl) benzonitrile,C1=CC(=CC=C1CN)C#N,-0.3264974947680455,0.3264974947680455,0.1156025135922576,0.4256066869497004,-0.3264974947680455,0.7,5.733667477162185,0.0,2,0,1,132.166,49.81,1,2,1,10,0,235.73597477455388,1.01698,39.0484,1,1,0,0.125
benzylammonium iodide,C1=CC=C(C=C1)CN.I,-0.3264975066178272,0.3264975066178272,0.0912832823517529,0.3442582695645812,-0.3264975066178272,0.8888888888888888,5.733667477162185,0.0,1,0,1,235.068,26.02,1,1,1,9,0,141.38429890473827,1.7633,49.74840000000002,1,1,0,0.1428571428571428
4-chlorobenzylammonium iodide,C1=CC(=CC=C1C[NH3+])Cl.[I-],-1.0,1.0,0.3055261011846132,1.0996783473965512,-0.3538083142609375,0.7,29.710307602424244,0.0,1,0,1,269.513,27.64,1,0,1,10,0,171.73472797861993,-1.9140999999999997,38.04409999999999,1,1,0,0.1428571428571428
phenethylammonium iodide,C1=CC=C(C=C1)CCN.I,-0.3301426071948191,0.3301426071948191,0.0873240242312129,0.3264727974089397,-0.3301426071948191,1.0,5.733667477162185,0.0,1,0,1,249.095,26.02,1,1,2,10,0,152.9490957526401,1.8058,54.61540000000002,1,1,0,0.25
methyl 3-sulfamoylthiophene-2-carboxylate,COC(=O)C1=C(C=CS1)S(=O)(=O)N,-0.4647964528373825,0.4647964528373825,0.2179305640450229,0.8137337351825218,-0.4647964528373825,0.6153846153846154,4.736862953800049,5.969305287951849,0,1,1,221.259,86.46000000000001,1,5,2,13,0,397.0016394303185,0.1821000000000001,47.03170000000001,1,1,1,0.1666666666666666
2-mercaptobenzimidazole,C1=CC=C2C(=C1)NC(=S)N2,-0.3307475775312591,0.3307475775312591,0.1529967788496002,0.5056279473934013,-0.3307475775312591,0.7,9.967957041894415,0.0,0,0,0,150.206,31.58,2,1,0,10,0,351.3305569167701,2.22549,43.4834,2,2,1,0.0
histidine,C1=C(NC=N1)C[C@@H](C(=O)O)N,-0.4800769784103622,0.4800769784103622,0.2350766840531548,0.8004531835082006,-0.4800769784103622,0.4545454545454545,15.8241733929501,5.969305287951849,2,1,2,155.15699999999998,92.0,3,3,3,11,0,216.1961661939845,-0.6358999999999995,37.9029,1,1,1,0.3333333333333333
d-tryptophan,C1=CC=C2C(=C1)C(=CN2)C[C@H](C(=O)O)N,-0.4800776923593587,0.4800776923593587,0.1937488834671141,0.8003946134185278,-0.4800776923593587,0.6,15.8241733929501,5.969305287951849,1,1,2,204.229,79.11,3,2,3,15,0,473.4988967851897,1.1222999999999996,57.613900000000015,2,2,1,0.1818181818181818
tetrafluorophthalonitrile,C(#N)C1=C(C(=C(C(=C1F)F)F)F)C#N,-0.2021165047128183,0.2021165047128183,0.1745388498307036,0.4005528861310681,-0.1922734110836152,0.4285714285714285,0.0,0.0,2,0,1,200.094,47.58,0,2,0,14,0,417.5275070352614,1.98636,35.70400000000001,1,1,0,0.0
tris(pentafluorophenyl)borane,B(C1=C(C(=C(C(=C1F)F)F)F)F)(C2=C(C(=C(C(=C2F)F)F)F)F)C3=C(C(=C(C(=C3F)F)F)F)F,-0.2040986647071263,0.2645655342792412,0.1868214545138696,0.4686641989863674,0.0,0.4411764705882353,0.0,0.0,0,0,0,511.98,0.0,0,0,3,34,0,1075.363119885808,4.2893,83.35200000000003,3,3,0,0.0
2-thiophenecarboxamide,C1=CSC(=C1)C(=O)N,-0.3649003982389731,0.3649003982389731,0.183688738483075,0.6231641716022429,-0.3649003982389731,0.75,5.733667477162185,0.0,0,1,1,127.168,43.09,1,2,1,8,0,167.928197133931,0.8469999999999998,32.83689999999999,1,1,1,0.0
phenylacetonitrile,C1=CC=C(C=C1)CC#N,-0.1979745904989837,0.1979745904989837,0.0732656243806326,0.2648960421684667,-0.1979745904989837,0.7777777777777778,0.0,0.0,1,0,1,117.15099999999998,23.79,0,1,1,9,0,203.22996149735155,1.75268,35.75900000000001,1,1,0,0.125
2-naphthylacetonitrile,C1=CC=C2C=C(C=CC2=C1)CC#N,-0.1979745875954101,0.1979745875954101,0.0616091922498401,0.2648964160118563,-0.1979745875954101,0.8461538461538461,0.0,0.0,1,0,1,167.21099999999996,23.79,0,1,1,13,0,460.6671592888754,2.9058800000000007,53.26500000000002,2,2,0,0.0833333333333333
4-aminobenzonitrile,C1=CC(=CC=C1C#N)N,-0.3987276572834237,0.3987276572834237,0.1414361166314853,0.4978391099182144,-0.3987276572834237,0.6666666666666666,5.733667477162185,0.0,2,0,1,118.139,49.81,1,2,0,9,0,223.21037742768323,1.1404800000000002,35.569399999999995,1,1,0,0.0
"1,8-octanedithiol-doped",C(CCCCS)CCCS,-0.1793639005744749,0.1793639005744749,0.0579707583222488,0.1695724911005293,0.0,1.0,0.0,0.0,0,0,0,178.366,0.0,2,2,7,10,0,40.0,3.1866000000000025,55.40800000000005,0,0,0,1.0
triphenylphosphine,C1=CC=C(C=C1)P(C2=CC=CC=C2)C3=CC=CC=C3,-0.0622224677505278,0.0622224677505278,0.0182473822017356,0.048786780215543,0.0,1.0,0.0,0.0,0,0,0,262.29200000000003,0.0,0,0,3,19,0,518.0619248819434,3.4448000000000016,85.14800000000004,3,3,0,0.0
"2,3,4,5,6-pentafluorobenzyl phosphonic acid",CC(C(C)(C)C)OP(=O)(C)OCC1=C(C(=C(C(=C1F)F)F)F)F,-0.3051523938495271,0.327735778861077,0.1809502497067411,0.6328881727106042,-0.3051523938495271,0.5652173913043478,9.047494323423637,7.595762326787885,0,0,0,360.2589999999999,35.53,0,3,5,23,0,578.9010856777123,5.172800000000003,74.5535,1,1,0,0.5714285714285714
1-methylimidazole,CN1C=CN=C1,-0.340567856627896,0.340567856627896,0.1630209891630256,0.4348471872242158,-0.340567856627896,0.3333333333333333,4.567099647791355,0.0,2,0,1,82.106,17.82,0,1,0,6,0,103.59873053015828,0.4200999999999999,23.20799999999999,1,1,1,0.25
1-methylbenzimidazole,CN1C=NC2=CC=CC=C21,-0.3337301120474815,0.3337301120474815,0.1319506373588851,0.429248063667878,-0.3337301120474815,0.6,4.567099647791355,0.0,2,0,1,132.16599999999997,17.82,0,1,0,10,0,341.5657969317911,1.5732999999999997,40.71400000000003,2,2,1,0.125
2-(2-hydroxy-5-methylphenyl)benzotriazole,CC1=CC(=C(C=C1)O)N2N=C3C=CC=CC3=N2,-0.5056175024830162,0.5056175024830162,0.1456244380755462,0.6482243529145019,-0.5056175024830162,0.7647058823529411,5.106527394840706,0.0,3,0,1,225.251,50.94,1,3,1,17,0,638.3211003634626,2.43452,65.26680000000003,3,3,1,0.0769230769230769
4-trifluoromethyl-benzamidine hydrochloride,C1=CC(=CC=C1C(=N)N)C(F)(F)F.Cl,-0.3836821306386551,0.4159102499354906,0.1842773030886839,0.7995923805741458,-0.3836821306386551,0.7142857142857143,5.733667477162185,6.176298517443475,2,0,1,224.613,49.870000000000005,2,1,1,14,0,295.8053496461834,2.41127,49.7081,1,1,0,0.125
benzotrifluoride,C1=CC=C(C=C1)C(F)(F)F,-0.1661375500065051,0.4159095025194129,0.1629645885032103,0.582047052525918,0.0,0.8,0.0,6.176298517443475,0,0,0,146.111,0.0,0,0,0,10,0,191.0283370413565,2.705400000000001,31.444,1,1,0,0.1428571428571428
benzamidine hydrochloride,C1=CC=C(C=C1)C(=N)N.Cl,-0.3836821330878236,0.3836821330878236,0.1373099192807973,0.5059551919389667,-0.3836821330878236,0.8,5.733667477162185,0.0,2,0,1,156.616,49.870000000000005,2,1,1,10,0,196.53811204568345,1.39247,44.70610000000001,1,1,0,0.0
"2,5-thiophene dicarboxylic acid ",C1=C(SC(=C1)C(=O)O)C(=O)O,-0.4770495771902679,0.4770495771902679,0.2712903073072106,0.8224322210181805,-0.4770495771902679,0.6363636363636364,10.213054789681411,11.9386105759037,0,2,1,172.16099999999997,74.6,2,3,2,11,0,258.2418843118329,1.1445,38.2376,1,1,1,0.0
N-methyl-N-(thien-2-ylmethyl)amine,CNCC1=CC=CS1,-0.3148764435679131,0.3148764435679131,0.1067468957710699,0.3444957773471087,-0.3148764435679131,0.75,5.316788604006331,0.0,1,0,1,127.21199999999996,12.03,1,2,2,8,0,125.75835605579972,1.4675,37.08270000000001,1,1,1,0.3333333333333333
"1,3-diphenylurea",C1=CC=C(C=C1)NC(=O)NC2=CC=CC=C2,-0.307721816489395,0.3231784291863308,0.143124279858532,0.6309002456757258,-0.307721816489395,0.8125,10.633577208012662,6.031114512338072,0,2,1,212.252,41.13,2,1,2,16,0,396.4792309615668,3.3306000000000004,65.52540000000003,2,2,0,0.0
"1,3-ditert-butylurea",CC(C)(C)NC(=O)NC(C)(C)C,-0.333558358408082,0.333558358408082,0.1695474648941108,0.6486516173476855,-0.333558358408082,0.75,10.633577208012662,6.031114512338072,0,2,1,172.272,41.13,2,1,0,12,0,131.85757378684062,1.8826,51.17340000000003,0,0,0,0.8888888888888888
thymine,CC1=CNC(=O)NC1=O,-0.3138499072175502,0.3251845359423132,0.224040390661395,0.6390344431598634,-0.3138499072175502,0.5555555555555556,4.9839785209472085,5.689743398203474,0,0,0,126.115,65.72,2,2,0,9,0,296.3046159437919,-0.6283800000000002,32.420399999999994,1,1,1,0.2
3-Ammonium Propionic Acid,C(CN)C(=O)O.I,-0.481195254586476,0.481195254586476,0.2445250457898954,0.785320470457577,-0.481195254586476,0.5714285714285714,10.84019487200289,5.969305287951849,1,1,2,217.006,63.32000000000001,2,2,2,7,0,44.0,0.0378,36.7222,0,0,0,0.6666666666666666
methylphosphonic acid,CP(=O)(O)O,-0.3246140003873127,0.3246140003873127,0.2543504998751039,0.6466303372941953,-0.3246140003873127,0.6,9.78682320550495,7.595762326787885,0,0,0,96.022,57.53,2,1,0,5,0,46.17389939125684,-0.2061,17.968100000000003,0,0,0,1.0
di-5-(1-methyltetrazole) disulfide,CN1C(=NN=N1)SSC2=NN=NN2C,-0.2228815202747193,0.2228815202747193,0.1247011562516375,0.4425217343694169,-0.2228815202747193,0.7142857142857143,0.0,0.0,8,0,1,230.282,87.19999999999999,0,8,3,14,0,360.8523367694164,-0.4670000000000003,49.31000000000001,2,2,2,0.5
4-bromo-benzonitrile,C1=CC(=CC=C1C#N)Br,-0.1924370410810625,0.1924370410810625,0.0770037263068883,0.2915472143428475,-0.1924370410810625,0.6666666666666666,0.0,0.0,1,0,1,182.02,23.79,0,1,0,9,0,223.21037742768323,2.32078,38.85700000000001,1,1,0,0.0
D-pentafluorophenylalanine,C(C1=C(C(=C(C(=C1F)F)F)F)F)[C@H](C(=O)O)N,-0.4800776789689105,0.4800776789689105,0.225079366857154,0.8003970504618628,-0.4800776789689105,0.4705882352941176,10.84019487200289,5.969305287951849,1,1,2,255.142,63.31999999999999,2,2,3,17,0,420.5914941262541,1.3365,45.5472,1,1,0,0.2222222222222222
"3-ethylbenzo[d]isothiazole 1,1-dioxide",CCC1=NS(=O)(=O)C2=CC=CC=C21,-0.1992513439198443,0.2827218055337047,0.1252415243235957,0.4819731494535491,-0.1992513439198443,0.6923076923076923,0.0,0.0,0,0,0,195.243,46.5,0,2,1,13,0,456.5666070525692,1.588,50.455800000000025,2,1,1,0.2222222222222222
trifluorothymine,C1=C(C(=O)NC(=O)N1)C(F)(F)F,-0.3134976415916669,0.4226201584048209,0.2496896894352102,0.7361177999964879,-0.3134976415916669,0.5833333333333334,4.9839785209472085,11.86604191564695,0,0,0,180.08499999999995,65.72,2,2,0,12,0,366.0052757475153,0.0819999999999999,32.6854,1,1,1,0.2
artemisinin,C[C@@H]1CC[C@H]2[C@H](C(=O)O[C@H]3[C@@]24[C@H]1CC[C@](O3)(OO4)C)C,-0.4320284473802694,0.4320284473802694,0.1801080795137786,0.7430002509731357,-0.4320284473802694,0.6,9.473725907600098,5.969305287951849,0,1,1,282.336,53.99000000000001,0,5,0,20,0,435.319264378683,2.3949000000000007,68.04700000000005,5,0,4,0.9333333333333332
Artesunate,C[C@@H]1CC[C@H]2[C@H]([C@@H](O[C@H]3[C@@]24[C@H]1CC[C@](O3)(OO4)C)OC(=O)CCC(=O)O)C,-0.4812189287946972,0.4812189287946972,0.2048198090752664,0.7894121385391937,-0.4812189287946972,0.5925925925925926,19.31711625624085,11.9386105759037,0,2,1,384.4250000000001,100.52,1,7,4,27,0,599.159568183699,2.6024000000000003,89.78980000000007,5,0,4,0.8947368421052632
Dihydroartemisinin ,C[C@@H]1CC[C@H]2[C@H]([C@H](O[C@H]3[C@@]24[C@H]1CC[C@](O3)(OO4)C)O)C,-0.3676044643458322,0.3676044643458322,0.1617016769712684,0.568886259182046,-0.3676044643458322,0.65,14.580253302440804,0.0,0,0,0,284.3519999999999,57.150000000000006,1,5,0,20,0,394.8424910217125,2.1867,69.04680000000005,5,0,4,1.0
acetic acid,CC(=O)O,-0.481433475172105,0.481433475172105,0.2943157026262166,0.7811180283303192,-0.481433475172105,0.5,5.106527394840706,0.0,0,1,1,60.05200000000001,37.3,1,1,0,4,0,23.019550008653876,0.0908999999999999,13.3098,0,0,0,0.5
pyridine,C1=CC=NC=C1,-0.264736970888988,0.264736970888988,0.0978813970462416,0.2914657391842492,-0.264736970888988,0.6666666666666666,0.0,0.0,1,0,1,79.10199999999998,12.89,0,1,0,6,0,71.96100505779535,1.0816,24.236999999999995,1,1,1,0.0
"2,2'-Bipyridine",C1=CC=NC(=C1)C2=CC=CC=N2,-0.2546211197806089,0.2546211197806089,0.1059412586358327,0.3431810997230755,-0.2546211197806089,0.6666666666666666,0.0,0.0,2,0,1,156.188,25.78,0,2,1,12,0,297.4313204906765,2.1435999999999997,47.46800000000002,2,2,2,0.0
"2,2':6',2''-Terpyridine",C1=CC=NC(=C1)C2=NC(=CC=C2)C3=CC=CC=N3,-0.2546206397601626,0.2546206397601626,0.1082099883621333,0.3440064729303445,-0.2546206397601626,0.6666666666666666,0.0,0.0,3,0,1,233.27400000000003,38.67,0,3,2,18,0,569.7160655475085,3.2056000000000013,70.69900000000003,3,3,3,0.0
Dithizone,C1=CC=C(C=C1)NNC(=S)N=NC2=CC=CC=C2,-0.2989493734924951,0.2989493734924951,0.1144891541959834,0.5308607545415257,-0.2989493734924951,0.8333333333333334,0.0,0.0,4,0,1,256.334,48.78,2,3,3,18,0,506.2492784614167,3.671900000000001,76.75640000000001,2,2,0,0.0
Glycine,C(C(=O)O)N,-0.4802971300243957,0.4802971300243957,0.2907243924090027,0.7970531084299816,-0.4802971300243957,0.6,10.84019487200289,5.969305287951849,1,1,2,75.06700000000001,63.31999999999999,2,2,1,5,0,35.302968908806456,-0.9703,16.6902,0,0,0,0.5
4-chlorobenzoic acid,C1=CC(=CC=C1C(=O)O)Cl,-0.4776392409451694,0.4776392409451694,0.1977558273342976,0.8128192340784359,-0.4776392409451694,0.7,5.106527394840706,5.969305287951849,0,1,1,156.56799999999998,37.3,1,1,1,10,0,228.7201524320101,2.0382,38.4113,1,1,0,0.0
2-hydroxyethyl acrylate,C=CC(=O)OCCO,-0.4601014173818816,0.4601014173818816,0.2525095220155585,0.7898236069242813,-0.4601014173818816,0.5,9.843390348640757,5.969305287951849,0,1,1,116.116,46.53,1,3,3,8,0,80.03910001730776,-0.2921000000000001,28.241799999999987,0,0,0,0.4
4-methoxyphenylacetic acid,COC1=CC=C(C=C1)CC(=O)O,-0.4967682154661269,0.4967682154661269,0.225494662892428,0.8040830114548168,-0.4967682154661269,0.6666666666666666,9.843390348640757,5.969305287951849,0,1,1,166.176,46.53,1,2,3,12,0,253.87172876640184,1.3223,44.33380000000002,1,1,0,0.2222222222222222
2-methylimidazole,CC1=NC=CN1,-0.3488257917132755,0.3488257917132755,0.1646072959486987,0.4511809057004158,-0.3488257917132755,0.5,4.9839785209472085,0.0,1,0,1,82.106,28.68,1,1,0,6,0,103.59873053015828,0.7181199999999999,23.324699999999996,1,1,1,0.25
perylenediimide,C1=CC2=C3C(=CC=C4C3=C1C5=C6C4=CC=C7C6=C(C=C5)C(=O)NC7=O)C(=O)NC2=O,-0.2881416716408688,0.2881416716408688,0.155789234515833,0.546409005298477,-0.2881416716408688,0.6666666666666666,0.0,0.0,0,4,1,390.3540000000001,92.34,2,4,0,30,0,1443.4518623680283,3.504400000000003,111.24540000000007,7,5,2,0.0
phenylbenzimidazole sulfonic acid,C1=CC=C(C=C1)C2=NC3=C(N2)C=C(C=C3)S(=O)(=O)O,-0.3379141164057547,0.3379141164057547,0.1495024833263662,0.6320054845698473,-0.3379141164057547,0.6842105263157895,4.9839785209472085,0.0,1,0,1,274.301,83.05,2,3,2,19,0,812.8606310706791,2.4765999999999995,71.34430000000003,3,3,1,0.0
N-(4-acetylphenyl)maleimide,CC(=O)C1=CC=C(C=C1)N2C(=O)C=CC2=O,-0.2945121855880979,0.2945121855880979,0.1667412086526801,0.5522260842126583,-0.2945121855880979,0.5625,0.0,0.0,0,3,1,215.20799999999997,54.45,0,3,2,16,0,465.2745249269933,1.3185999999999998,58.07950000000002,2,1,1,0.0833333333333333
4-fluoroaniline,C1=CC(=CC=C1N)F,-0.3987260786638387,0.3987260786638387,0.1503238766745539,0.5215849214643252,-0.3987260786638387,0.75,5.733667477162185,0.0,1,0,1,111.119,26.02,1,1,0,8,0,138.89811391899892,1.4079000000000002,30.8124,1,1,0,0.0
Dithiooxamide,C(=S)(C(=S)N)N,-0.3875248031064671,0.3875248031064671,0.2142240063704844,0.5183340780357536,-0.3875248031064671,0.6666666666666666,11.46733495432437,0.0,2,0,1,120.20200000000004,52.04,2,2,0,6,0,66.03910001730776,-0.4413999999999999,33.5708,0,0,0,0.0
4-hydroxybenzaldehyde,C1=CC(=CC=C1C=O)O,-0.5079662192772983,0.5079662192772983,0.1941695393773536,0.6575187987060189,-0.5079662192772983,0.6666666666666666,5.106527394840706,0.0,0,1,1,122.12299999999996,37.3,1,2,1,9,0,193.78322454351996,1.2046999999999997,33.4943,1,1,0,0.0
l-glutathione,C(CC(=O)N[C@@H](CS)C(=O)NCC(=O)O)[C@@H](C(=O)O)N,-0.4800862864621305,0.4800862864621305,0.2559693158765526,0.8025569934898353,-0.4800862864621305,0.55,26.58029947485626,11.9386105759037,1,4,2,307.32800000000003,158.82000000000002,6,6,9,20,0,356.23460010384656,-2.2060999999999984,71.27440000000003,0,0,0,0.6
phenylacetonitrile,C1=CC=C(C=C1)CC#N,-0.1979745904989837,0.1979745904989837,0.0732656243806326,0.2648960421684667,-0.1979745904989837,0.7777777777777778,0.0,0.0,1,0,1,117.15099999999998,23.79,0,1,1,9,0,203.22996149735155,1.75268,35.75900000000001,1,1,0,0.125
2-naphthylacetonitrile,C1=CC=C2C=C(C=CC2=C1)CC#N,-0.1979745875954101,0.1979745875954101,0.0616091922498401,0.2648964160118563,-0.1979745875954101,0.8461538461538461,0.0,0.0,1,0,1,167.21099999999996,23.79,0,1,1,13,0,460.6671592888754,2.9058800000000007,53.26500000000002,2,2,0,0.0833333333333333
"4-(N, N-Diphenylamino) benzaldehyde",C1=CC=C(C=C1)N(C2=CC=CC=C2)C3=CC=C(C=C3)C=O,-0.3105059188198001,0.3105059188198001,0.0981915219379757,0.4600565148748162,-0.3105059188198001,0.7619047619047619,4.899909730850478,0.0,1,1,2,273.33500000000004,20.31,0,2,4,21,0,654.5417231054346,4.968900000000003,86.51250000000006,3,3,0,0.0
4-Biphenylcarbaldehyde,C1=CC=C(C=C1)C2=CC=C(C=C2)C=O,-0.2978964056982024,0.2978964056982024,0.0877689196168304,0.4474451517855799,-0.2978964056982024,0.8571428571428571,0.0,0.0,0,1,1,182.222,17.07,0,1,2,14,0,409.5511153401612,3.166100000000002,57.26550000000002,2,2,0,0.0
4-Acetylbiphenyl,CC(=O)C1=CC=C(C=C1)C2=CC=CC=C2,-0.2945122011819396,0.2945122011819396,0.0865857331894865,0.4538114153667515,-0.2945122011819396,0.8666666666666667,0.0,0.0,0,1,1,196.249,17.07,0,1,2,15,0,449.1568006343688,3.5562000000000022,61.88250000000004,2,2,0,0.0714285714285714
4-Aminobenzenesulfonic acid,C1=CC(=CC=C1N)S(=O)(=O)O,-0.3987277131397739,0.3987277131397739,0.180236203523235,0.69274077248385,-0.3987277131397739,0.7272727272727273,5.733667477162185,0.0,1,0,1,173.19299999999998,80.39,2,3,1,11,0,322.805989195052,0.5154999999999998,40.669,1,1,0,0.0
sulfamide ,NS(=O)(=O)N,-0.2159291710681109,0.271320284051838,0.1910678342710138,0.487249455119949,-0.2159291710681109,0.8,0.0,0.0,0,0,0,96.111,86.18,2,2,0,5,0,83.20671786825557,-1.8514,17.294600000000003,0,0,0,0.0
L-aspartate,C([C@@H](C(=O)O)N)C(=O)O,-0.481175383236989,0.481175383236989,0.2978619523786492,0.8017534903072712,-0.481175383236989,0.5555555555555556,15.946722266843596,11.9386105759037,1,2,2,133.103,100.62,3,3,3,9,0,120.0,-1.1269999999999998,27.864,0,0,0,0.5
tri(2-thienyl)benzene,C1=CSC(=C1)C2=CC(=CC(=C2)C3=CC=CS3)C4=CC=CS4,-0.1438436368419918,0.1438436368419918,0.0513842235664252,0.1781072168634101,0.0,0.8571428571428571,0.0,0.0,0,0,0,324.495,0.0,0,3,3,21,0,683.307580226806,6.872100000000004,96.38100000000004,4,4,3,0.0
"2-[N,N-bi(trifluoromethylsulfonyl)amino]pyridine",C1=CC=NC(=C1)N(S(=O)(=O)C(F)(F)F)S(=O)(=O)C(F)(F)F,-0.2371859263349524,0.5173010443766622,0.236815797084133,0.7544869707116146,-0.2371859263349524,0.7142857142857143,0.0,31.06324330934368,1,0,1,358.241,84.41,0,5,3,21,0,620.6454725425933,1.5872000000000002,56.6656,1,1,1,0.2857142857142857
oteracil potassium,C1(=NC(=O)NC(=O)N1)C(=O)[O-].[K+],-0.541547015427677,1.0,0.4230172454698642,1.541547015427677,-0.541547015427677,0.5833333333333334,9.901064578912528,62.76402170269358,1,1,2,195.17499999999995,118.74,2,5,1,12,0,343.26505075184224,-6.174300000000001,29.808899999999998,1,1,1,0.0
potassium cinnamate,C1=CC=C(C=C1)C=CC(=O)[O-].[K+],-0.5454669718268075,1.0,0.3657860305672634,1.5454669718268077,-0.5454669718268075,0.8333333333333334,9.901064578912528,51.38453490628663,0,1,1,186.251,40.13,0,2,2,12,0,254.62661626856533,-2.5462999999999987,40.48300000000002,1,1,0,0.0
D-2-Aminobutanedioic acid,C(C(C(=O)O)N)C(=O)O,-0.481175383236989,0.481175383236989,0.2978619523786492,0.8017534903072712,-0.481175383236989,0.5555555555555556,15.946722266843596,11.9386105759037,1,2,2,133.103,100.62,3,3,3,9,0,120.0,-1.1269999999999998,27.864,0,0,0,0.5
"3,4,5,6-tetrafluorophthalic acid",C1(=C(C(=C(C(=C1F)F)F)F)C(=O)O)C(=O)O,-0.4775412968520466,0.4775412968520466,0.2640903582107675,0.8168487186480118,-0.4775412968520466,0.5,10.213054789681411,11.9386105759037,0,2,1,238.092,74.6,2,2,2,16,0,428.5470570439152,1.6394000000000002,40.1926,1,1,0,0.0
502 adhesive,CCOC(=O)C(=C)C#N,-0.4618838282515298,0.4618838282515298,0.2264677910000291,0.8096314579006467,-0.4618838282515298,0.5555555555555556,4.736862953800049,5.969305287951849,1,1,2,125.127,50.09,0,3,2,9,0,155.36734879116756,0.6292800000000001,31.385999999999992,0,0,0,0.3333333333333333
"3,5-difluorobenzenesulfonamide",C1=C(C=C(C=C1F)S(=O)(=O)N)F,-0.2246253160922838,0.2377574638110461,0.1580402154350883,0.46238277990333,-0.2246253160922838,0.5833333333333334,0.0,0.0,0,0,0,193.174,60.16,1,2,1,12,0,358.249379292522,0.6122000000000003,37.7312,1,1,0,0.0
"2,6-difluorobenzenesulfonamide",C1=CC(=C(C(=C1)F)S(=O)(=O)N)F,-0.2244409635205838,0.2434050802026373,0.1662978799000056,0.4678460437232212,-0.2244409635205838,0.6666666666666666,0.0,0.0,0,0,0,193.17399999999995,60.16,1,2,1,12,0,358.249379292522,0.6122000000000003,37.7312,1,1,0,0.0
2-chlorothiazole-4-carboxylic acid,C1=C(N=C(S1)Cl)C(=O)O,-0.4764867053382339,0.4764867053382339,0.2402998420601407,0.8314119693773552,-0.4764867053382339,0.5555555555555556,5.106527394840706,5.969305287951849,1,1,2,163.585,50.19,1,3,1,9,0,215.6971115223361,1.4947,34.083299999999994,1,1,1,0.0
"2,5-thiophenedicarboxylic acid",C1=C(SC(=C1)C(=O)O)C(=O)O,-0.4770495771902679,0.4770495771902679,0.2712903073072106,0.8224322210181805,-0.4770495771902679,0.6363636363636364,10.213054789681411,11.9386105759037,0,2,1,172.16099999999997,74.6,2,3,2,11,0,258.2418843118329,1.1445,38.2376,1,1,1,0.0
phenylalanine,C1=CC=C(C=C1)C[C@@H](C(=O)O)N,-0.4800777002034423,0.4800777002034423,0.1937115069997252,0.8003932018430024,-0.4800777002034423,0.8333333333333334,10.84019487200289,5.969305287951849,1,1,2,165.19199999999998,63.31999999999999,2,2,3,12,0,246.0006372810443,0.641,45.75720000000001,1,1,0,0.2222222222222222
phenylphosphonic acid,C1=CC=C(C=C1)P(=O)(O)O,-0.3210391490269411,0.3557121510544099,0.1898160563214276,0.676751300081351,-0.3210391490269411,0.8,9.78682320550495,7.595762326787885,0,0,0,158.093,57.53,2,1,1,10,0,238.00063728104428,0.4895999999999998,38.120100000000015,1,1,0,0.0
"furan-2,5-dicarboxylic acid",C1=C(OC(=C1)C(=O)O)C(=O)O,-0.4753728946230654,0.4753728946230654,0.3137574083199722,0.846688934407817,-0.4753728946230654,0.6363636363636364,14.63020572673476,11.9386105759037,0,2,1,156.09299999999996,87.74,2,3,2,11,0,258.2418843118329,0.676,32.62659999999999,1,1,1,0.0
l-glutathione,C(CC(=O)N[C@@H](CS)C(=O)NCC(=O)O)[C@@H](C(=O)O)N,-0.4800862864621305,0.4800862864621305,0.2559693158765526,0.8025569934898353,-0.4800862864621305,0.55,26.58029947485626,11.9386105759037,1,4,2,307.32800000000003,158.82000000000002,6,6,9,20,0,356.23460010384656,-2.2060999999999984,71.27440000000003,0,0,0,0.6
l-Theanine,CCNC(=O)CC[C@@H](C(=O)O)N,-0.4800862864621434,0.4800862864621434,0.2360502378827688,0.8000691321154891,-0.4800862864621434,0.5833333333333334,16.156983476009223,5.969305287951849,1,2,2,174.2,92.42,3,3,5,12,0,153.42124551085624,-0.6853999999999989,43.5289,0,0,0,0.7142857142857143
Malonamide,C(C(=O)N)C(=O)N,-0.3692314443218015,0.3692314443218015,0.2566281428238656,0.5955784917863767,-0.3692314443218015,0.5714285714285714,11.46733495432437,0.0,0,2,1,102.093,86.18,2,2,2,7,0,76.2114326716684,-1.6528999999999998,23.005800000000004,0,0,0,0.3333333333333333
5-(Fmoc-amino) valeric acid,C1=CC=C2C(=C1)C(C3=CC=CC=C32)COC(=O)NCCCCC(=O)O,-0.4812303832060013,0.4812303832060013,0.1868549216225811,0.8878879611385868,-0.4812303832060013,0.76,15.160178952647083,12.062545358890263,0,2,1,339.39100000000013,75.63,2,3,7,25,0,704.6385569005646,3.780000000000001,94.55850000000008,3,2,0,0.3
