name,SMILES,MinPartialCharge,MaxAbsPartialCharge,StdPartialCharge,ChargeRange,N_O_MinCharge,Frac_NegativeAtoms,PEOE_VSA1,PEOE_VSA14,N_coord,O_coord,coord_types,MolecularWeight,TPSA,HBondDonorCount,HBondAcceptorCount,RotatableBondCount,HeavyAtomCount,FormalCharge,Complexity,LogP,MolarRefractivity,RingCount,AromaticRing,HeteroRing,FSP3,delta_PCE
cetyltrimethylammonium chloride,CCCCCCCCCCCCCCCC[N+](C)(C)C.[Cl-],-1,1,0.219787902,1.077992828,-0.330914819,0.80952381,16.89006402,0,1,0,1,320.005,0,0,0,15,21,0,174.9675568,3.1779,93.2114,0,0,0,1,3.1
1H-Pyrazole-1-carboximidamide hydrochloride,C1=CN(N=C1)C(=N)N.Cl,-0.368236553,0.368236553,0.17116079,0.581331283,-0.368236553,0.666666667,5.733667477,0,4,0,1,146.581,67.69,2,2,0,9,0,167.9281971,0.04647,36.7871,1,1,1,0,1.5
4-sulfamoylbenzoic acid,C1=CC(=CC=C1C(=O)O)S(=O)(=O)N,-0.477639243,0.477639243,0.207493616,0.812818888,-0.477639243,0.692307692,5.106527395,5.969305288,0,1,1,201.203,97.46,2,3,2,13,0,399.8564619,0.0322,44.7745,1,1,0,0,1.37
(3-bromopropyl)trimethoxysilane,CO[Si](CCCBr)(OC)OC,-0.376825097,0.499668387,0.242863189,0.876493484,-0.376825097,0.454545455,13.27801508,8.804435157,0,0,0,243.173,27.69,0,3,6,11,0,71.77443751,1.6495,49.999,0,0,0,1,4.21
"2,2,6,6-tetramethyl-1-piperidinyloxy",CC1(CCCC(N1[O])(C)C)C,-0.143912294,0.143912294,0.053621204,0.188235987,-0.143912294,0.818181818,0,0,1,0,1,156.249,23.14,0,1,0,11,0,126.1173001,2.375,44.5345,1,0,1,1,1.51
1‐hexyl‐3‐methylimidazolium iodide,CCCCCCN1C=C[N+](=C1)C.[I-],-1,1,0.297285481,1.243028826,-0.239533996,0.615384615,23.97664013,0,2,0,1,294.18,8.81,0,0,5,13,0,207.5678161,-1.1031,49.75,1,1,1,0.7,3.5
methacrylic acid,CC(=C)C(=O)O,-0.477896962,0.477896962,0.247664918,0.808060345,-0.477896962,0.666666667,5.106527395,5.969305288,0,1,1,86.09,37.3,1,1,1,6,0,66.03910002,0.6471,22.4498,0,0,0,0.25,1.92
d-tryptophan,C1=CC=C2C(=C1)C(=CN2)C[C@H](C(=O)O)N,-0.480077692,0.480077692,0.193748883,0.800394613,-0.480077692,0.6,15.82417339,5.969305288,1,1,2,204.229,79.11,3,2,3,15,0,473.4988968,1.1223,57.6139,2,2,1,0.181818182,3.37
4-hydroxypicolinic acid,C1=CNC(=CC1=O)C(=O)O,-0.476565587,0.476565587,0.249922658,0.828500817,-0.476565587,0.4,10.09050592,5.969305288,0,1,1,139.11,70.16,2,2,1,10,0,288.906662,0.0731,34.022,1,1,1,0,1.37
diphenyl carbonate,C1=CC=C(C=C1)OC(=O)OC2=CC=CC=C2,-0.394718845,0.518924331,0.202342577,0.913643176,-0.394718845,0.8125,9.473725908,6.15536563,0,1,1,214.22,35.53,0,3,2,16,0,396.479231,3.2644,59.536,2,2,0,0,2.96
3-(2-amino-2-oxoethyl)-1-methyl-1H-imidazol-3-ium chloride,C[N+]1=CN(C=C1)CC(=O)N.[Cl-],-1,1,0.356984944,1.259183856,-0.366250773,0.454545455,18.14070064,0,2,1,2,175.619,51.9,1,1,2,11,0,227.9412787,-4.1981,34.8024,1,1,1,0.333333333,2.38
N-methyl pyrrolidone,CN1CCCC1=O,-0.345748915,0.345748915,0.180117618,0.567622478,-0.345748915,0.428571429,4.899909731,0,0,1,1,99.133,20.31,0,1,0,7,0,82.03910002,0.2386,26.871,1,0,1,0.8,1.76
prolinamide,C1C[C@H](NC1)C(=O)N,-0.368318726,0.368318726,0.196137593,0.602376704,-0.368318726,0.75,11.05045608,0,1,1,2,114.148,55.12,2,2,1,8,0,86.21143267,-0.7763,30.2191,1,0,1,0.8,1.94
Naphthylmethylammonium Iodide,CNC1=CC=CC2=CC=CC=C21.I,-0.387619805,0.387619805,0.100128837,0.42929668,-0.387619805,0.769230769,5.316788604,0,1,0,1,285.128,12.03,1,1,1,13,0,382.6653728,3.4995,68.9097,2,2,0,0.090909091,3.41
2-(furan-3-yl)ethanamine hydrochloride,C1=COC=C1CCN.Cl,-0.472337977,0.472337977,0.182040334,0.56578483,-0.472337977,0.777777778,10.15081841,0,1,0,1,147.605,39.16,1,2,2,9,0,125.7583561,1.2026,38.7144,1,1,1,0.333333333,2.37
"2,6-pyridine dicarboxylate",C1=CC(=NC(=C1)C(=O)[O-])C(=O)[O-],-0.543118307,0.543118307,0.270280992,0.63308808,-0.543118307,0.666666667,19.80212916,0,1,2,2,165.104,93.15,0,5,2,12,-2,289.3151247,-2.1914,32.898,1,1,1,0,1.22
n-Butylammonium iodide,CCCCN.I,-0.330473681,0.330473681,0.106747095,0.322736039,-0.330473681,1,5.733667477,0,1,0,1,201.051,26.02,1,1,2,6,0,7.509775004,1.3632,39.3774,0,0,0,1,1.06
Cyclohexylmethylammonium iodide,C1CCC(CC1)C[NH3+].[I-],-1,1,0.314261045,1.076789194,-0.357331195,0.777777778,29.7103076,0,1,0,1,241.116,27.64,1,0,1,9,0,51.05865003,-2.1874,34.3301,1,0,0,1,1.09
Ethylammonium iodide,CCN.I,-0.330748418,0.330748418,0.123419643,0.320172153,-0.330748418,1,5.733667477,0,1,0,1,172.997,26.02,1,1,0,4,0,0,0.583,30.1434,0,0,0,1,1.3
Guanidinium iodide,C(=N)(N)N.I,-0.370333532,0.370333532,0.208305199,0.552861534,-0.370333532,0.8,11.46733495,0,3,0,1,186.984,75.89,3,1,0,5,0,23.01955001,-0.54343,31.5165,0,0,0,0,-1.07
4-Fluoro-phenethylammonium iodide,C1=CC(=CC=C1CCN)F.I,-0.330142607,0.330142607,0.111654083,0.452869836,-0.330142607,0.909090909,5.733667477,0,1,0,1,267.085,26.02,1,1,2,11,0,183.6982132,1.9449,54.5734,1,1,0,0.25,1.7
2-Fluoro-phenethylammonium iodide,C1=CC=C(C(=C1)CC[NH3+])F.[I-],-1,1,0.299573624,1.126119414,-0.357283543,0.727272727,29.7103076,0,1,0,1,267.085,27.64,1,0,2,11,0,200.9482132,-2.3859,37.8591,1,1,0,0.25,1.09
Benzylammonium iodide,C1=CC=C(C=C1)CN.I,-0.326497507,0.326497507,0.091283282,0.34425827,-0.326497507,0.888888889,5.733667477,0,1,0,1,235.068,26.02,1,1,1,9,0,141.3842989,1.7633,49.7484,1,1,0,0.142857143,0.91
Octylammonium iodide,CCCCCCCC[NH3+].[I-],-1,1,0.298360696,1.073930339,-0.357560865,0.9,29.7103076,0,1,0,1,257.159,27.64,1,0,6,10,0,33.30296891,-1.4072,41.1311,0,0,0,1,0.12
"(E,E)-1-[5-(1,3-benzodioxol-5-yl)-1-oxo-2,4-pentadienyl]-piperidine",C1CCN(CC1)C(=O)C=CC=CC2=CC3=C(C=C2)OCO3,-0.453595078,0.453595078,0.186997902,0.69964422,-0.453595078,0.666666667,14.37363564,0,0,1,1,285.343,38.77,0,3,3,21,0,553.4010844,2.9972,81.17,3,1,2,0.352941176,1.88
guanidine sulfate,C(=N)(N)N.C(=N)(N)N.OS(=O)(=O)O,-0.370333532,0.394346529,0.242507458,0.764680061,-0.370333532,0.769230769,22.93466991,10.39900058,6,0,1,216.223,226.38,8,4,0,13,0,194.7639251,-2.97566,46.3804,0,0,0,0,1.19
"2,2,6,6-tetramethyl-1-piperidinyloxy",CC1(CCCC(N1[O])(C)C)C,-0.143912294,0.143912294,0.053621204,0.188235987,-0.143912294,0.818181818,0,0,1,0,1,156.249,23.14,0,1,0,11,0,126.1173001,2.375,44.5345,1,0,1,1,1.51
ethylammonium,CCN.[N+](=O)(O)[O-],-0.330748418,0.330748418,0.195752723,0.622043898,-0.330748418,0.857142857,10.9409205,0,2,0,1,108.097,89.39,2,3,0,7,0,31.30296891,-0.3827,23.5093,0,0,0,1,1.8
imidazolium,C1=C[NH+]=CN1,-0.250346067,0.250346067,0.207036975,0.48912661,-0.250346067,0.4,0,0,0,0,0,69.087,29.93,1,0,0,5,1,56.51517764,-0.1712,17.3484,1,1,1,0,1.6
guanidinium iodide,C(=N)(N)N.I,-0.370333532,0.370333532,0.208305199,0.552861534,-0.370333532,0.8,11.46733495,0,3,0,1,186.984,75.89,3,1,0,5,0,23.01955001,-0.54343,31.5165,0,0,0,0,0.5
acrylamide monomer,C=CC(=O)N,-0.36613333,0.36613333,0.212021968,0.606430728,-0.36613333,0.8,5.733667477,0,0,1,1,71.079,43.09,1,1,1,5,0,51.05865003,-0.3423,19.3914,0,0,0,0,2.62
tetraoctylammonium chloride,CCCCCCCC[N+](CCCCCCCC)(CCCCCCCC)CCCCCCCC.[Cl-],-1,1,0.175009627,1.078613079,-0.323609081,0.882352941,16.89006402,0,1,0,1,502.356,0,0,0,28,34,0,274.4376982,8.2492,153.2324,0,0,0,1,1.66
"naphthalene-1,8-dicarboximide",C1=CC2=C3C(=C1)C(=O)NC(=O)C3=CC=C2,-0.288141687,0.288141687,0.155748344,0.546407908,-0.288141687,0.666666667,0,0,0,2,1,197.193,46.17,1,2,0,15,0,539.2598417,1.7234,55.7447,3,2,1,0,2.6
"perylene-3,4-dicarboximide",C1=CC2=C3C(=C1)C4=C5C(=CC=C6C5=C(C=C4)C(=O)NC6=O)C3=CC=C2,-0.288141672,0.288141672,0.121653523,0.546409005,-0.288141672,0.8,0,0,0,2,1,321.335,46.17,1,2,0,25,0,1283.67582,4.6208,99.4487,6,5,1,0,0.4
Theophylline,CN1C2=C(C(=O)N(C1=O)C)NC=N2,-0.338721321,0.338721321,0.226549208,0.670424568,-0.338721321,0.461538462,4.983978521,5.689743398,3,0,1,180.167,72.68,1,3,0,13,0,555.7163275,-1.0397,46.5757,2,2,2,0.285714286,2.25
Caffeine,CN1C=NC2=C1C(=O)N(C(=O)N2C)C,-0.327863466,0.331703433,0.217994187,0.659566899,-0.327863466,0.428571429,4.567099648,5.689743398,4,0,1,194.194,61.82,0,3,0,14,0,597.2256231,-1.0293,51.196,2,2,2,0.375,1.22
Theobromine,CN1C=NC2=C1C(=O)NC(=O)N2C,-0.327869774,0.329317288,0.225916592,0.657187062,-0.327869774,0.461538462,4.567099648,5.689743398,3,0,1,180.167,72.68,1,3,0,13,0,555.7163275,-1.0397,46.5757,2,2,2,0.285714286,-0.73
2-aminoethylphosphonic acid,C(CP(=O)(O)O)N,-0.329831976,0.329831976,0.237519767,0.656162291,-0.329831976,0.571428571,15.52049068,7.595762327,1,0,1,125.064,83.55,3,2,2,7,0,74.03910002,-0.8772,25.9655,0,0,0,1,1.89
hypotaurine,C(CS(=O)O)N,-0.329469085,0.329469085,0.188569941,0.483042517,-0.329469085,0.5,10.28641735,0,1,0,1,109.15,63.32,2,2,2,6,0,44,-0.8332,24.6926,0,0,0,1,1.28
β-alanine(beta-alanine),C(CN)C(=O)O,-0.481195255,0.481195255,0.264095142,0.78532047,-0.481195255,0.5,10.84019487,5.969305288,1,1,2,89.094,63.32,2,2,2,6,0,44,-0.5802,21.3072,0,0,0,0.666666667,0.8
2-hydroxy-4-methoxybenzophenone,COC1=CC(=C(C=C1)C(=O)C2=CC=CC=C2)O,-0.507040687,0.507040687,0.192168228,0.703284494,-0.507040687,0.588235294,9.843390349,0,0,1,1,228.247,46.53,1,3,3,17,0,520.9895035,2.6318,64.5333,2,2,0,0.071428571,3.27
Indigo dye ,C1=CC=C2C(=C1)C(=C(N2)C3=NC4=CC=CC=C4C3=O)O,-0.504968085,0.504968085,0.174208549,0.720293725,-0.504968085,0.6,10.09050592,0,1,1,2,262.268,65.45,2,3,1,20,0,871.9446315,3.1906,76.933,4,3,2,0,3.04
[2-(9H-carbazol-9-yl)ethyl]phosphonic acid,C1=CC=C2C(=C1)C3=CC=CC=C3N2CCP(=O)(O)O,-0.339821981,0.339821981,0.156800457,0.666677416,-0.339821981,0.631578947,14.35392285,7.595762327,1,0,1,275.244,62.46,2,1,3,19,0,711.6884808,2.9722,76.3551,3,3,1,0.142857143,1.5
octylphosphonic acid,CCCCCCCCP(=O)(O)O,-0.324422009,0.325061927,0.167791595,0.649483936,-0.324422009,0.833333333,9.786823206,7.595762327,0,0,0,194.211,57.53,2,1,7,12,0,126.9737366,2.5246,50.2871,0,0,0,1,0.8
2-fluoroethylamine,C(CF)N,-0.327998518,0.327998518,0.179532821,0.429609864,-0.327998518,0.5,5.733667477,0,1,0,1,63.075,26.02,1,1,1,4,0,2,-0.0854,15.0294,0,0,0,1,1.12
"2,2-difluoroethylamine",C(C(F)F)N,-0.325486895,0.325486895,0.209900654,0.57565815,-0.325486895,0.6,5.733667477,0,1,0,1,81.065,26.02,1,1,1,5,0,14,0.2102,15.0584,0,0,0,1,0.84
"2, 2, 2-trifluoroethylamine",C(C(F)(F)F)N.Cl,-0.322752642,0.400388257,0.222434473,0.723140899,-0.322752642,0.714285714,5.733667477,6.176298517,1,0,1,135.516,26.02,1,1,0,7,0,29.7931939,0.9292,22.3574,0,0,0,1,0.7
11-Maleimidoundecanoic acid,C1=CC(=O)N(C1=O)CCCCCCCCCCC(=O)O,-0.48123039,0.48123039,0.18772003,0.784069946,-0.48123039,0.65,5.106527395,5.969305288,0,3,1,281.352,74.68,1,3,11,20,0,338.2346001,2.5069,75.0488,1,0,1,0.666666667,4.54
pentafluorophenyl acrylate,C=CC(=O)OC1=C(C(=C(C(=C1F)F)F)F)F,-0.416820518,0.416820518,0.224122154,0.752072349,-0.416820518,0.5,4.736862954,5.969305288,0,1,1,238.111,26.3,0,2,2,16,0,418.5914941,2.4735,42.064,1,1,0,0,2.2
(pentaerythritol tetrakis (3-mercaptopropionate),C(CS)C(=O)OCC(COC(=O)CCS)(COC(=O)CCS)COC(=O)CCS,-0.464638671,0.464638671,0.234952664,0.770773585,-0.464638671,0.413793103,18.94745182,23.87722115,0,4,1,488.671,105.2,4,12,16,29,0,396.657925,1.4252,120.149,0,0,0,0.764705882,2.4
3-hexylthiophene,CCCCCCC1=CSC=C1,-0.152155515,0.152155515,0.036951416,0.146029452,0,1,0,0,0,0,0,168.305,0,0,1,5,11,0,160.1738077,3.8709,52.165,1,1,1,0.6,1.81
adamantane,C1C2CC3CC1CC(C2)C3,-0.047549692,0.047549692,0.003386375,0.00691241,0,1,0,0,0,0,0,136.238,0,0,0,0,10,0,91.58797504,2.8326,41.662,4,0,0,1,1.15
1-adamantylamine,C1C2CC3CC1CC(C2)(C3)N,-0.325030481,0.325030481,0.085354671,0.341214593,-0.325030481,0.909090909,5.733667477,0,1,0,1,151.253,26.02,1,1,0,11,0,145.1931192,1.9139,45.0904,4,0,0,1,1.61
trimethylolpropane triacrylate,CCC(COC(=O)C=C)(COC(=O)C=C)COC(=O)C=C,-0.461674306,0.461674306,0.235208642,0.791336924,-0.461674306,0.523809524,14.21058886,17.90791586,0,3,1,296.319,78.9,0,6,10,21,0,345.9407101,1.5704,76.192,0,0,0,0.4,2.1
2-adamantanone,C1C2CC3CC1CC(C2)C3=O,-0.299087986,0.299087986,0.098090455,0.437669084,-0.299087986,0.727272727,0,0,0,1,1,150.221,17.07,0,1,0,11,0,172.08385,2.0116,42.052,4,0,0,0.9,1.12
1-adamantane carboxylic acid,C1C2CC3CC1CC(C2)(C3)C(=O)O,-0.480821322,0.480821322,0.168734007,0.78998061,-0.480821322,0.846153846,5.106527395,5.969305288,0,1,1,180.247,37.3,1,1,1,13,0,213.4797126,2.2874,48.2408,4,0,0,0.909090909,1.41
1-adamantaneacetic acid,C1C2CC3CC1CC(C2)(C3)CC(=O)O,-0.481215172,0.481215172,0.160978662,0.784621177,-0.481215172,0.857142857,5.106527395,5.969305288,0,1,1,194.274,37.3,1,1,2,14,0,225.9276631,2.6775,52.8578,4,0,0,0.916666667,2.06
"2,2-difluoropropanediamide",C(=O)(C(C(=O)N)(F)F)N,-0.363943925,0.399704651,0.292105873,0.763648576,-0.363943925,0.666666667,11.46733495,5.922529168,0,2,1,138.073,86.18,2,2,2,9,0,122.1173001,-1.4077,23.3358,0,0,0,0.333333333,2.21
triphenylphosphine oxide,C1=CC=C(C=C1)P(=O)(C2=CC=CC=C2)C3=CC=CC=C3,-0.308634799,0.308634799,0.081014199,0.479146736,-0.308634799,0.8,4.565048285,0,0,0,0,278.291,17.07,0,1,3,20,0,606.3410077,3.326,85.8345,3,3,0,0,1.05
tetraisopropyl methylenediphosphonate,CC(C)OP(=O)(CP(=O)(OC(C)C)OC(C)C)OC(C)C,-0.305364429,0.342748367,0.188767916,0.648112796,-0.305364429,0.666666667,18.09498865,15.19152465,0,0,0,344.325,71.06,0,6,10,21,0,301.4995491,5.0301,84.964,0,0,0,1,1.08
tris(pentafluorophenyl) phosphine,C1(=C(C(=C(C(=C1F)F)P(C2=C(C(=C(C(=C2F)F)F)F)F)C3=C(C(=C(C(=C3F)F)F)F)F)F)F)F,-0.202788909,0.202788909,0.184239844,0.402857853,0,0.441176471,0,0,0,0,0,532.142,0,0,0,3,34,0,1075.36312,5.5313,84.518,3,3,0,0,2.99
"1,2,4‐triazole",C1=NC=NN1,-0.266136747,0.266136747,0.170553163,0.403134002,-0.266136747,0.6,0,0,2,0,1,69.067,41.57,1,2,0,5,0,56.51517764,-0.1953,16.3827,1,1,1,0,2
N-(4-bromophenyl)thiourea,C1=CC(=CC=C1NC(=S)N)Br,-0.376047653,0.376047653,0.148789653,0.543676566,-0.376047653,0.727272727,11.05045608,0,2,0,1,231.118,38.05,2,1,1,11,0,241.2457498,2.1046,54.5501,1,1,0,0,2.4
morpholine,C1COCCN1,-0.378812514,0.378812514,0.182980279,0.437920586,-0.378812514,0.333333333,10.05365156,0,1,0,1,87.122,21.26,1,2,0,6,0,15.509775,-0.3938,23.6887,1,0,1,1,0.7
"3,5-morpholone(Morpholine-3,5-dione)",C1C(=O)NC(=O)CO1,-0.361801852,0.361801852,0.249779125,0.613930573,-0.361801852,0.5,4.736862954,0,0,2,1,115.088,55.4,1,3,0,8,0,106,-1.3406,23.9687,1,0,1,0.5,1.96
3-morpholone,C1COCC(=O)N1,-0.369813236,0.369813236,0.232491034,0.615392345,-0.369813236,0.428571429,10.05365156,0,0,1,1,101.105,38.33,1,2,0,7,0,64.10749561,-0.8672,23.8287,1,0,1,0.75,2.17
2-methylbenzimidazole,CC1=NC2=CC=CC=C2N1,-0.342214401,0.342214401,0.13333901,0.445795732,-0.342214401,0.7,4.983978521,0,1,0,1,132.166,28.68,1,1,0,10,0,308.5657969,1.87132,40.8307,2,2,1,0.125,2.1
4-aminopyridine,C1=CN=CC=C1N,-0.398638991,0.398638991,0.159904548,0.433075448,-0.398638991,0.571428571,5.733667477,0,2,0,1,94.117,38.91,1,2,0,7,0,129.9656602,0.6638,28.6494,1,1,1,0,2.6
Lansoprazole,CC1=C(C=CN=C1CS(=O)C2=NC3=CC=CC=C3N2)OCC(F)(F)F,-0.483723718,0.483723718,0.187825956,0.905790405,-0.483723718,0.56,9.720841475,6.176298517,2,0,1,369.368,67.87,1,4,5,25,0,850.7874647,3.51522,86.7301,3,3,2,0.25,2.14
"1,8-Naphthyridine",C1=CC2=C(N=C1)N=CC=C2,-0.236640568,0.236640568,0.114041134,0.395221833,-0.236640568,0.6,0,0,2,0,1,130.15,25.78,0,2,0,10,0,271.0151824,1.6298,39.538,2,2,2,0,2.2
hypoxanthine,C1=NC2=C(N1)C(=O)NC=N2,-0.338674824,0.338674824,0.223282269,0.614932823,-0.338674824,0.5,9.967957042,0,2,0,1,136.114,74.43,2,3,0,10,0,387.3305569,-0.3538,34.5094,2,2,2,0,1.72
"3,5-Difluorophenylboronic acid",B(C1=CC(=CC(=C1)F)F)(O)O,-0.423174856,0.488128647,0.249512666,0.911303503,-0.423174856,0.636363636,10.04804515,7.118392334,0,0,0,157.912,40.46,2,2,1,11,0,225.9652649,-0.3554,36.1836,1,1,0,0,1.98
adenine,C1=NC2=NC=NC(=C2N1)N,-0.381798268,0.381798268,0.212141276,0.564039004,-0.381798268,0.5,10.717646,0,4,0,1,135.13,80.48,2,4,0,10,0,341.5657969,-0.0649,36.0961,2,2,2,0,1.1
cytosine,C1=C(NC(=O)N=C1)N,-0.385103472,0.385103472,0.227983056,0.731036557,-0.385103472,0.625,5.733667477,5.689743398,2,0,1,111.104,71.77,2,3,0,8,0,217.4799615,-0.6479,29.2701,1,1,1,0,2
thiourea ,C(=S)(N)N,-0.376505715,0.376505715,0.229393233,0.537002014,-0.376505715,0.75,11.46733495,0,2,0,1,76.124,52.04,2,1,0,4,0,23.01955001,-0.8113,20.9728,0,0,0,0,1.21
thioacetamide ,CC(=S)N,-0.39355196,0.39355196,0.175639679,0.463088205,-0.39355196,0.75,5.733667477,0,1,0,1,75.136,26.02,1,1,0,4,0,23.01955001,0.2924,22.4594,0,0,0,0.5,1.88
dimethyl sulfide ,CSC,-0.168861688,0.168861688,0.070797169,0.150183476,0,1,0,0,0,0,0,62.137,0,0,1,0,3,0,0,0.9792,19.439,0,0,0,1,-0.45
Malonamide,C(C(=O)N)C(=O)N,-0.369231444,0.369231444,0.256628143,0.595578492,-0.369231444,0.571428571,11.46733495,0,0,2,1,102.093,86.18,2,2,2,7,0,76.21143267,-1.6529,23.0058,0,0,0,0.333333333,3.25
3-Thiopheneboronic acid,B(C1=CSC=C1)(O)O,-0.423158785,0.488775556,0.269255138,0.911934341,-0.423158785,0.875,10.04804515,7.118392334,0,0,0,127.961,40.46,2,3,1,8,0,135.0817365,-0.5721,34.1446,1,1,1,0,2.06
formamid,C(=O)N,-0.37226357,0.37226357,0.252596957,0.576294362,-0.37226357,0.666666667,5.733667477,0,0,1,1,45.041,43.09,1,1,0,3,0,7.509775004,-0.8985,10.2514,0,0,0,0,0.17
d benzylamine,C1=CC=C(C=C1)CN,-0.326497507,0.326497507,0.096405461,0.34425827,-0.326497507,0.875,5.733667477,0,1,0,1,107.156,26.02,1,1,1,8,0,141.3842989,1.1453,34.3334,1,1,0,0.142857143,0.65
benzamide ,C1=CC=C(C=C1)C(=O)N,-0.365599512,0.365599512,0.163772913,0.613794626,-0.365599512,0.777777778,5.733667477,0,0,1,1,121.139,43.09,1,1,1,9,0,196.538112,0.7855,34.9599,1,1,0,0,0.96
4-fluorobenzamide,C1=CC(=CC=C1C(=O)N)F,-0.365599488,0.365599488,0.173158711,0.613798077,-0.365599488,0.7,5.733667477,0,0,1,1,139.129,43.09,1,1,1,10,0,228.7201524,0.9246,34.9179,1,1,0,0,2.19
4-chlorobenzamide,C1=CC(=CC=C1C(=O)N)Cl,-0.3655995,0.3655995,0.159263699,0.61379636,-0.3655995,0.7,5.733667477,0,0,1,1,155.584,43.09,1,1,1,10,0,228.7201524,1.4389,39.9699,1,1,0,0,1.79
"3,4-Bis(4-bromophenyl)cyclobut-3-ene-1,2-dione",C1=CC(=CC=C1C2=C(C(=O)C2=O)C3=CC=C(C=C3)Br)Br,-0.284820806,0.284820806,0.120386383,0.519264074,-0.284820806,0.7,0,0,0,0,0,392.046,34.14,0,2,2,20,0,748.073148,4.1416,87.626,3,3,0,0,2.38
"2,7-dioctyl[1]benzothieno[3,2-b][1]benzothiophene",CCCCCCCCC1=CC2=C(C=C1)C3=C(S2)C4=C(S3)C=C(C=C4)CCCCCCCC,-0.133601118,0.133601118,0.042133925,0.187761837,0,0.8125,0,0,0,0,0,464.784,0,0,2,14,32,0,1013.634537,11.0752,148.874,4,4,2,0.533333333,2.77
"4,4′-carbonyldiphthalic anhydride",C1=CC2=C(C=C1C(=O)C3=CC4=C(C=C3)C(=O)OC4=O)C(=O)OC2=O,-0.385656692,0.385656692,0.220657741,0.732085222,-0.385656692,0.541666667,9.473725908,23.87722115,0,5,1,322.228,103.81,0,7,2,24,0,899.5930578,1.5388,75.8085,4,2,2,0,2.3
"4,4′(Hexafluoroisopropylidene)diphthalic anhydride",C1=CC2=C(C=C1C(C3=CC4=C(C=C3)C(=O)OC4=O)(C(F)(F)F)C(F)(F)F)C(=O)OC2=O,-0.385656842,0.410722225,0.227549444,0.796379066,-0.385656842,0.64516129,9.473725908,36.22981819,0,4,1,444.239,86.74,0,6,2,31,0,1058.000083,3.7185,85.266,4,2,2,0.157894737,2.85
barbituric acid,C1C(=O)NC(=O)NC1=O,-0.277316161,0.32759803,0.252683865,0.604914191,-0.277316161,0.555555556,0,6.031114512,0,4,1,128.087,75.27,2,3,0,9,0,127.1931192,-1.2575,26.2984,1,0,1,0.25,1.2
propanedioic acid,C(C(=O)O)C(=O)O,-0.480805908,0.480805908,0.324747621,0.79500759,-0.480805908,0.571428571,10.21305479,11.93861058,0,2,1,104.061,74.6,2,2,2,7,0,76.21143267,-0.4543,19.8886,0,0,0,0.333333333,1.02
urea,C(=O)(N)N,-0.35184624,0.35184624,0.274595026,0.660902641,-0.35184624,0.75,11.46733495,6.031114512,0,2,1,60.056,69.11,2,1,0,4,0,23.01955001,-0.9762,13.7708,0,0,0,0,0.74
phenylethylammonium iodidePEAI,C1=CC=C(C=C1)CC[NH3+].[I-],-1,1,0.299535118,1.078031983,-0.357285074,0.8,29.7103076,0,1,0,1,249.095,27.64,1,0,2,10,0,152.9490958,-2.525,37.9011,1,1,0,0.25,1.13
phenylbutylammonium iodidePBAI,C1=CC=C(C=C1)CCCC[NH3+].[I-],-1,1,0.275822418,1.073941881,-0.357560702,0.916666667,29.7103076,0,1,0,1,277.149,27.64,1,0,4,12,0,176.4896155,-1.7448,47.1351,1,1,0,0.4,0.39
Phenylpropylammonium IodidePPAI,C1=CC=C(C=C1)CCCN.I,-0.330461792,0.330461792,0.083282785,0.323051288,-0.330461792,1,5.733667477,0,1,0,1,263.122,26.02,1,1,3,11,0,164.6530014,2.1959,59.2324,1,1,0,0.333333333,1.86
"1,3-dihydroxypropan-2-one",C(C(=O)CO)O,-0.388490606,0.388490606,0.247150969,0.5714007,-0.388490606,0.5,10.21305479,0,0,1,1,90.078,57.53,2,3,2,6,0,38,-1.4599,19.1786,0,0,0,0.666666667,3.05
tetramethylammonium chloride,C[N+](C)(C)C.[Cl-],-1,1,0.395983677,1.06746072,-0.333351019,0.333333333,16.89006402,0,1,0,1,109.6,0,0,0,0,6,0,15.509775,-2.6736,23.9564,0,0,0,1,2
chlorocholine chloride,C[N+](C)(C)CCCl.[Cl-],-1,1,0.354223001,1.091764584,-0.329926767,0.375,16.89006402,0,1,0,1,158.072,0,0,0,2,8,0,38.490225,-2.0646,33.6194,0,0,0,1,0.6
choline chloride,C[N+](C)(C)CCO.[Cl-],-1,1,0.366512293,1.101493486,-0.39051529,0.375,21.99659141,0,1,0,1,139.626,20.23,1,1,2,8,0,38.490225,-3.3111,29.9852,0,0,0,1,1
benzyltrimethylammonium chloride,C[N+](C)(C)CC1=CC=CC=C1.[Cl-],-1,1,0.289646934,1.10374051,-0.327164983,0.583333333,16.89006402,0,1,0,1,185.698,0,0,0,2,12,0,203.2299615,-1.1032,48.1784,1,1,0,0.4,0.5
N-hydroxysuccinimide,C1CC(=O)N(C1=O)O,-0.278511959,0.278511959,0.212624313,0.531810466,-0.278511959,0.5,0,0,0,2,1,115.088,57.61,1,3,0,8,0,114.9737366,-0.4754,22.8735,1,0,1,0.5,2.24
5-chloroindole,C1=CC2=C(C=CN2)C=C1Cl,-0.361174887,0.361174887,0.110176271,0.406619784,-0.361174887,0.6,4.983978521,0,0,0,0,151.596,15.79,1,0,0,10,0,341.5657969,2.8213,43.3087,2,2,1,0,1.89
D-penicillamine,CC(C)([C@H](C(=O)O)N)S,-0.480048071,0.480048071,0.227715685,0.801439898,-0.480048071,0.666666667,10.84019487,5.969305288,1,1,2,149.215,63.32,3,3,2,9,0,103.6969429,0.1067,38.6762,0,0,0,0.8,1.65
N-tert-butyl-2-benzothiazolesulfenamide,CC(C)(C)NSC1=NC2=CC=CC=C2S1,-0.252560258,0.252560258,0.1022442,0.418147213,-0.252560258,0.733333333,0,0,2,0,1,238.381,24.92,1,4,2,15,0,407.2514043,3.6915,68.3657,2,2,1,0.363636364,1.26
18-Crown-6,C1COCCOCCOCCOCCOCCO1,-0.376667636,0.376667636,0.210615069,0.446782032,-0.376667636,0.333333333,28.42117772,0,0,0,0,264.318,55.38,0,6,0,18,0,75.05865003,0.0996,64.914,1,0,1,1,2.53
Dibenzo-18-Crown-6,C1COC2=CC=CC=C2OCCOCCOC3=CC=CC=C3OCCO1,-0.487297493,0.487297493,0.226010866,0.648088393,-0.487297493,0.538461538,28.42117772,0,0,0,0,360.406,55.38,0,6,0,26,0,528.4914996,2.9488,96.502,3,2,1,0.4,3.84
trifluoroacetamide,C(=O)(C(F)(F)F)N,-0.36184104,0.470441745,0.290436515,0.832282785,-0.36184104,0.714285714,5.733667477,12.08347825,0,1,1,113.038,43.09,1,1,0,7,0,72.52932501,0.034,15.2494,0,0,0,0.5,1.85
"2,2-Bis(3-amino-4-hydroxyphenyl)hexafluoropropane",C1=CC(=C(C=C1C(C2=CC(=C(C=C2)O)N)(C(F)(F)F)C(F)(F)F)N)O,-0.505795795,0.505795795,0.231011059,0.916520007,-0.505795795,0.72,21.68038974,12.35259703,2,0,1,366.261,92.5,4,4,2,25,0,696.1009243,3.6729,77.9284,2,2,0,0.2,3.47
4-aminomethyltetrahydropyran,C1COCCC1CN,-0.381428973,0.381428973,0.158072885,0.428295839,-0.381428973,0.75,10.47053043,0,1,0,1,115.176,35.25,1,2,1,8,0,51.05865003,0.3717,32.5974,1,0,1,1,1.66
1-chlorobutane,CCCCCl,-0.126717152,0.126717152,0.047813894,0.149002637,0,0.8,0,0,0,0,0,92.569,0,0,0,2,5,0,7.509775004,2.0253,25.628,0,0,0,1,0.79
amino trimethylene phosphonic acid,C(N(CP(=O)(O)O)CP(=O)(O)O)P(=O)(O)O,-0.323528859,0.33897287,0.262780753,0.662501729,-0.323528859,0.625,29.36046962,22.78728698,1,0,1,299.049,175.83,6,4,6,16,0,279.1759501,-1.306,52.5723,0,0,0,1,2.53
fumaric acid,C(=C/C(=O)O)\\C(=O)O,-0.47807075,0.47807075,0.301874179,0.806136614,-0.47807075,0.5,10.21305479,11.93861058,0,2,1,116.072,74.6,2,2,2,8,0,110.9737366,-0.2882,24.4116,0,0,0,0,1.3
sodium p-toluenesulfonate,CC1=CC=C(C=C1)S(=O)(=O)[O-].[Na+],-0.744035769,1,0.375283019,1.744035769,-0.744035769,0.75,4.552749874,29.55728603,0,0,0,194.187,57.2,0,3,1,12,0,322.8059892,-2.09688,39.1422,1,1,0,0.142857143,1.35
4′-heptyl-4-biphenylcarbonitrile,CCCCCCCC1=CC=C(C=C1)C2=CC=C(C=C2)C#N,-0.192437046,0.192437046,0.051168402,0.291546616,-0.192437046,0.904761905,0,0,1,0,1,277.411,23.79,0,1,7,21,0,566.9305299,5.73818,89.056,2,2,0,0.35,3.05
tris(pentafluorophenyl)boron,B(C1=C(C(=C(C(=C1F)F)F)F)F)(C2=C(C(=C(C(=C2F)F)F)F)F)C3=C(C(=C(C(=C3F)F)F)F)F,-0.204098665,0.264565534,0.186821455,0.468664199,0,0.441176471,0,0,0,0,0,511.98,0,0,0,3,34,0,1075.36312,4.2893,83.352,3,3,0,0,2.05
glutaric acid,C(CC(=O)O)CC(=O)O,-0.481230228,0.481230228,0.280445891,0.784086019,-0.481230228,0.555555556,10.21305479,11.93861058,0,2,1,132.115,74.6,2,2,4,9,0,95.20671787,0.3259,29.1226,0,0,0,0.6,2.37
cyanuric fluoride,C1(=NC(=NC(=N1)F)F)F,-0.16131261,0.316038853,0.223489392,0.477351462,-0.154726243,0.666666667,0,18.23452154,3,0,1,135.048,38.67,0,3,0,9,0,160.8005151,0.2889,19.701,1,1,1,0,1.84
melamine,C1(=NC(=NC(=N1)N)N)N,-0.367590743,0.367590743,0.247520398,0.593701022,-0.367590743,0.666666667,17.20100243,0,6,0,1,126.123,116.73,3,6,0,9,0,160.8005151,-1.3818,33.0642,1,1,1,0,1.35
cyanuric acid,C1(=O)NC(=O)NC(=O)N1,-0.258986688,0.33049653,0.275287409,0.589483217,-0.258986688,0.666666667,0,17.06923019,0,0,0,129.075,98.58,3,3,0,9,0,262.5390673,-2.2485,28.3041,1,1,1,0,0.66
cyanuric chloride,C1(=NC(=NC(=N1)Cl)Cl)Cl,-0.186832365,0.227459815,0.171556492,0.41429218,-0.186832365,0.666666667,0,0,3,0,1,184.413,38.67,0,3,0,9,0,160.8005151,1.8318,34.857,1,1,1,0,1.35
thiocyanuric acid,C1(=S)NC(=S)NC(=S)N1,-0.309268954,0.309268954,0.199406968,0.48757688,-0.309268954,0.666666667,14.95193556,0,0,0,0,177.279,47.37,3,3,0,9,0,262.5390673,1.85937,41.9961,1,1,1,0,-5.24
hydrogen octylphosphonate potassium,CCCCCCCCP(=O)(O)[O-].[K+],-0.778623779,1,0.375235997,1.778623779,-0.778623779,0.769230769,14.35187149,51.38453491,0,0,0,232.301,60.36,1,2,7,13,0,126.9737366,-1.1034,48.0683,0,0,0,1,2.8
"3,5-bis(trifluoromethyl)benzoic acid",C1=C(C=C(C=C1C(F)(F)F)C(F)(F)F)C(=O)O,-0.477638947,0.477638947,0.231739619,0.893589784,-0.477638947,0.647058824,5.106527395,18.32190232,0,1,1,258.117,37.3,1,1,1,17,0,390.0820244,3.4224,43.4053,1,1,0,0.222222222,2.64
4-(aminomethyl) benzonitrile,C1=CC(=CC=C1CN)C#N,-0.326497495,0.326497495,0.115602514,0.425606687,-0.326497495,0.7,5.733667477,0,2,0,1,132.166,49.81,1,2,1,10,0,235.7359748,1.01698,39.0484,1,1,0,0.125,3.37
benzylammonium iodide,C1=CC=C(C=C1)CN.I,-0.326497507,0.326497507,0.091283282,0.34425827,-0.326497507,0.888888889,5.733667477,0,1,0,1,235.068,26.02,1,1,1,9,0,141.3842989,1.7633,49.7484,1,1,0,0.142857143,1.6
4-chlorobenzylammonium iodide,C1=CC(=CC=C1C[NH3+])Cl.[I-],-1,1,0.305526101,1.099678347,-0.353808314,0.7,29.7103076,0,1,0,1,269.513,27.64,1,0,1,10,0,171.734728,-1.9141,38.0441,1,1,0,0.142857143,-0.48
phenethylammonium iodide,C1=CC=C(C=C1)CCN.I,-0.330142607,0.330142607,0.087324024,0.326472797,-0.330142607,1,5.733667477,0,1,0,1,249.095,26.02,1,1,2,10,0,152.9490958,1.8058,54.6154,1,1,0,0.25,-1.97
methyl 3-sulfamoylthiophene-2-carboxylate,COC(=O)C1=C(C=CS1)S(=O)(=O)N,-0.464796453,0.464796453,0.217930564,0.813733735,-0.464796453,0.615384615,4.736862954,5.969305288,0,1,1,221.259,86.46,1,5,2,13,0,397.0016394,0.1821,47.0317,1,1,1,0.166666667,2.95
2-mercaptobenzimidazole,C1=CC=C2C(=C1)NC(=S)N2,-0.330747578,0.330747578,0.152996779,0.505627947,-0.330747578,0.7,9.967957042,0,0,0,0,150.206,31.58,2,1,0,10,0,351.3305569,2.22549,43.4834,2,2,1,0,2.49
histidine,C1=C(NC=N1)C[C@@H](C(=O)O)N,-0.480076978,0.480076978,0.235076684,0.800453184,-0.480076978,0.454545455,15.82417339,5.969305288,2,1,2,155.157,92,3,3,3,11,0,216.1961662,-0.6359,37.9029,1,1,1,0.333333333,2.78
d-tryptophan,C1=CC=C2C(=C1)C(=CN2)C[C@H](C(=O)O)N,-0.480077692,0.480077692,0.193748883,0.800394613,-0.480077692,0.6,15.82417339,5.969305288,1,1,2,204.229,79.11,3,2,3,15,0,473.4988968,1.1223,57.6139,2,2,1,0.181818182,3.37
tetrafluorophthalonitrile,C(#N)C1=C(C(=C(C(=C1F)F)F)F)C#N,-0.202116505,0.202116505,0.17453885,0.400552886,-0.192273411,0.428571429,0,0,2,0,1,200.094,47.58,0,2,0,14,0,417.527507,1.98636,35.704,1,1,0,0,3.42
tris(pentafluorophenyl)borane,B(C1=C(C(=C(C(=C1F)F)F)F)F)(C2=C(C(=C(C(=C2F)F)F)F)F)C3=C(C(=C(C(=C3F)F)F)F)F,-0.204098665,0.264565534,0.186821455,0.468664199,0,0.441176471,0,0,0,0,0,511.98,0,0,0,3,34,0,1075.36312,4.2893,83.352,3,3,0,0,2.35
2-thiophenecarboxamide,C1=CSC(=C1)C(=O)N,-0.364900398,0.364900398,0.183688738,0.623164172,-0.364900398,0.75,5.733667477,0,0,1,1,127.168,43.09,1,2,1,8,0,167.9281971,0.847,32.8369,1,1,1,0,2.96
phenylacetonitrile,C1=CC=C(C=C1)CC#N,-0.19797459,0.19797459,0.073265624,0.264896042,-0.19797459,0.777777778,0,0,1,0,1,117.151,23.79,0,1,1,9,0,203.2299615,1.75268,35.759,1,1,0,0.125,3.08
2-naphthylacetonitrile,C1=CC=C2C=C(C=CC2=C1)CC#N,-0.197974588,0.197974588,0.061609192,0.264896416,-0.197974588,0.846153846,0,0,1,0,1,167.211,23.79,0,1,1,13,0,460.6671593,2.90588,53.265,2,2,0,0.083333333,2.21
4-aminobenzonitrile,C1=CC(=CC=C1C#N)N,-0.398727657,0.398727657,0.141436117,0.49783911,-0.398727657,0.666666667,5.733667477,0,2,0,1,118.139,49.81,1,2,0,9,0,223.2103774,1.14048,35.5694,1,1,0,0,0.8
"1,8-octanedithiol-doped",C(CCCCS)CCCS,-0.179363901,0.179363901,0.057970758,0.169572491,0,1,0,0,0,0,0,178.366,0,2,2,7,10,0,40,3.1866,55.408,0,0,0,1,0.97
triphenylphosphine,C1=CC=C(C=C1)P(C2=CC=CC=C2)C3=CC=CC=C3,-0.062222468,0.062222468,0.018247382,0.04878678,0,1,0,0,0,0,0,262.292,0,0,0,3,19,0,518.0619249,3.4448,85.148,3,3,0,0,1.86
"2,3,4,5,6-pentafluorobenzyl phosphonic acid",CC(C(C)(C)C)OP(=O)(C)OCC1=C(C(=C(C(=C1F)F)F)F)F,-0.305152394,0.327735779,0.18095025,0.632888173,-0.305152394,0.565217391,9.047494323,7.595762327,0,0,0,360.259,35.53,0,3,5,23,0,578.9010857,5.1728,74.5535,1,1,0,0.571428571,2.06
1-methylimidazole,CN1C=CN=C1,-0.340567857,0.340567857,0.163020989,0.434847187,-0.340567857,0.333333333,4.567099648,0,2,0,1,82.106,17.82,0,1,0,6,0,103.5987305,0.4201,23.208,1,1,1,0.25,1.34
1-methylbenzimidazole,CN1C=NC2=CC=CC=C21,-0.333730112,0.333730112,0.131950637,0.429248064,-0.333730112,0.6,4.567099648,0,2,0,1,132.166,17.82,0,1,0,10,0,341.5657969,1.5733,40.714,2,2,1,0.125,1.74
2-(2-hydroxy-5-methylphenyl)benzotriazole,CC1=CC(=C(C=C1)O)N2N=C3C=CC=CC3=N2,-0.505617502,0.505617502,0.145624438,0.648224353,-0.505617502,0.764705882,5.106527395,0,3,0,1,225.251,50.94,1,3,1,17,0,638.3211004,2.43452,65.2668,3,3,1,0.076923077,1.2
4-trifluoromethyl-benzamidine hydrochloride,C1=CC(=CC=C1C(=N)N)C(F)(F)F.Cl,-0.383682131,0.41591025,0.184277303,0.799592381,-0.383682131,0.714285714,5.733667477,6.176298517,2,0,1,224.613,49.87,2,1,1,14,0,295.8053496,2.41127,49.7081,1,1,0,0.125,2.07
benzotrifluoride,C1=CC=C(C=C1)C(F)(F)F,-0.16613755,0.415909503,0.162964589,0.582047053,0,0.8,0,6.176298517,0,0,0,146.111,0,0,0,0,10,0,191.028337,2.7054,31.444,1,1,0,0.142857143,1.52
benzamidine hydrochloride,C1=CC=C(C=C1)C(=N)N.Cl,-0.383682133,0.383682133,0.137309919,0.505955192,-0.383682133,0.8,5.733667477,0,2,0,1,156.616,49.87,2,1,1,10,0,196.538112,1.39247,44.7061,1,1,0,0,1.18
"2,5-thiophene dicarboxylic acid ",C1=C(SC(=C1)C(=O)O)C(=O)O,-0.477049577,0.477049577,0.271290307,0.822432221,-0.477049577,0.636363636,10.21305479,11.93861058,0,2,1,172.161,74.6,2,3,2,11,0,258.2418843,1.1445,38.2376,1,1,1,0,3.47
N-methyl-N-(thien-2-ylmethyl)amine,CNCC1=CC=CS1,-0.314876444,0.314876444,0.106746896,0.344495777,-0.314876444,0.75,5.316788604,0,1,0,1,127.212,12.03,1,2,2,8,0,125.7583561,1.4675,37.0827,1,1,1,0.333333333,1.56
"1,3-diphenylurea",C1=CC=C(C=C1)NC(=O)NC2=CC=CC=C2,-0.307721816,0.323178429,0.14312428,0.630900246,-0.307721816,0.8125,10.63357721,6.031114512,0,2,1,212.252,41.13,2,1,2,16,0,396.479231,3.3306,65.5254,2,2,0,0,1.4
"1,3-ditert-butylurea",CC(C)(C)NC(=O)NC(C)(C)C,-0.333558358,0.333558358,0.169547465,0.648651617,-0.333558358,0.75,10.63357721,6.031114512,0,2,1,172.272,41.13,2,1,0,12,0,131.8575738,1.8826,51.1734,0,0,0,0.888888889,0.9
thymine,CC1=CNC(=O)NC1=O,-0.313849907,0.325184536,0.224040391,0.639034443,-0.313849907,0.555555556,4.983978521,5.689743398,0,0,0,126.115,65.72,2,2,0,9,0,296.3046159,-0.62838,32.4204,1,1,1,0.2,1.68
3-Ammonium Propionic Acid,C(CN)C(=O)O.I,-0.481195255,0.481195255,0.244525046,0.78532047,-0.481195255,0.571428571,10.84019487,5.969305288,1,1,2,217.006,63.32,2,2,2,7,0,44,0.0378,36.7222,0,0,0,0.666666667,1.9
methylphosphonic acid,CP(=O)(O)O,-0.324614,0.324614,0.2543505,0.646630337,-0.324614,0.6,9.786823206,7.595762327,0,0,0,96.022,57.53,2,1,0,5,0,46.17389939,-0.2061,17.9681,0,0,0,1,1.57
di-5-(1-methyltetrazole) disulfide,CN1C(=NN=N1)SSC2=NN=NN2C,-0.22288152,0.22288152,0.124701156,0.442521734,-0.22288152,0.714285714,0,0,8,0,1,230.282,87.2,0,8,3,14,0,360.8523368,-0.467,49.31,2,2,2,0.5,2.77
4-bromo-benzonitrile,C1=CC(=CC=C1C#N)Br,-0.192437041,0.192437041,0.077003726,0.291547214,-0.192437041,0.666666667,0,0,1,0,1,182.02,23.79,0,1,0,9,0,223.2103774,2.32078,38.857,1,1,0,0,2.19
D-pentafluorophenylalanine,C(C1=C(C(=C(C(=C1F)F)F)F)F)[C@H](C(=O)O)N,-0.480077679,0.480077679,0.225079367,0.80039705,-0.480077679,0.470588235,10.84019487,5.969305288,1,1,2,255.142,63.32,2,2,3,17,0,420.5914941,1.3365,45.5472,1,1,0,0.222222222,2.14
"3-ethylbenzo[d]isothiazole 1,1-dioxide",CCC1=NS(=O)(=O)C2=CC=CC=C21,-0.199251344,0.282721806,0.125241524,0.481973149,-0.199251344,0.692307692,0,0,0,0,0,195.243,46.5,0,2,1,13,0,456.5666071,1.588,50.4558,2,1,1,0.222222222,2.39
trifluorothymine,C1=C(C(=O)NC(=O)N1)C(F)(F)F,-0.313497642,0.422620158,0.249689689,0.7361178,-0.313497642,0.583333333,4.983978521,11.86604192,0,0,0,180.085,65.72,2,2,0,12,0,366.0052757,0.082,32.6854,1,1,1,0.2,1
artemisinin,C[C@@H]1CC[C@H]2[C@H](C(=O)O[C@H]3[C@@]24[C@H]1CC[C@](O3)(OO4)C)C,-0.432028447,0.432028447,0.18010808,0.743000251,-0.432028447,0.6,9.473725908,5.969305288,0,1,1,282.336,53.99,0,5,0,20,0,435.3192644,2.3949,68.047,5,0,4,0.933333333,1.57
Artesunate,C[C@@H]1CC[C@H]2[C@H]([C@@H](O[C@H]3[C@@]24[C@H]1CC[C@](O3)(OO4)C)OC(=O)CCC(=O)O)C,-0.481218929,0.481218929,0.204819809,0.789412139,-0.481218929,0.592592593,19.31711626,11.93861058,0,2,1,384.425,100.52,1,7,4,27,0,599.1595682,2.6024,89.7898,5,0,4,0.894736842,1.48
Dihydroartemisinin ,C[C@@H]1CC[C@H]2[C@H]([C@H](O[C@H]3[C@@]24[C@H]1CC[C@](O3)(OO4)C)O)C,-0.367604464,0.367604464,0.161701677,0.568886259,-0.367604464,0.65,14.5802533,0,0,0,0,284.352,57.15,1,5,0,20,0,394.842491,2.1867,69.0468,5,0,4,1,-0.06
acetic acid,CC(=O)O,-0.481433475,0.481433475,0.294315703,0.781118028,-0.481433475,0.5,5.106527395,0,0,1,1,60.052,37.3,1,1,0,4,0,23.01955001,0.0909,13.3098,0,0,0,0.5,1.76
pyridine,C1=CC=NC=C1,-0.264736971,0.264736971,0.097881397,0.291465739,-0.264736971,0.666666667,0,0,1,0,1,79.102,12.89,0,1,0,6,0,71.96100506,1.0816,24.237,1,1,1,0,-0.89
"2,2'-Bipyridine",C1=CC=NC(=C1)C2=CC=CC=N2,-0.25462112,0.25462112,0.105941259,0.3431811,-0.25462112,0.666666667,0,0,2,0,1,156.188,25.78,0,2,1,12,0,297.4313205,2.1436,47.468,2,2,2,0,1.44
"2,2':6',2''-Terpyridine",C1=CC=NC(=C1)C2=NC(=CC=C2)C3=CC=CC=N3,-0.25462064,0.25462064,0.108209988,0.344006473,-0.25462064,0.666666667,0,0,3,0,1,233.274,38.67,0,3,2,18,0,569.7160655,3.2056,70.699,3,3,3,0,1.1
Dithizone,C1=CC=C(C=C1)NNC(=S)N=NC2=CC=CC=C2,-0.298949373,0.298949373,0.114489154,0.530860755,-0.298949373,0.833333333,0,0,4,0,1,256.334,48.78,2,3,3,18,0,506.2492785,3.6719,76.7564,2,2,0,0,2.71
Glycine,C(C(=O)O)N,-0.48029713,0.48029713,0.290724392,0.797053108,-0.48029713,0.6,10.84019487,5.969305288,1,1,2,75.067,63.32,2,2,1,5,0,35.30296891,-0.9703,16.6902,0,0,0,0.5,2.07
4-chlorobenzoic acid,C1=CC(=CC=C1C(=O)O)Cl,-0.477639241,0.477639241,0.197755827,0.812819234,-0.477639241,0.7,5.106527395,5.969305288,0,1,1,156.568,37.3,1,1,1,10,0,228.7201524,2.0382,38.4113,1,1,0,0,1.99
2-hydroxyethyl acrylate,C=CC(=O)OCCO,-0.460101417,0.460101417,0.252509522,0.789823607,-0.460101417,0.5,9.843390349,5.969305288,0,1,1,116.116,46.53,1,3,3,8,0,80.03910002,-0.2921,28.2418,0,0,0,0.4,3.6
4-methoxyphenylacetic acid,COC1=CC=C(C=C1)CC(=O)O,-0.496768215,0.496768215,0.225494663,0.804083011,-0.496768215,0.666666667,9.843390349,5.969305288,0,1,1,166.176,46.53,1,2,3,12,0,253.8717288,1.3223,44.3338,1,1,0,0.222222222,1.35
2-methylimidazole,CC1=NC=CN1,-0.348825792,0.348825792,0.164607296,0.451180906,-0.348825792,0.5,4.983978521,0,1,0,1,82.106,28.68,1,1,0,6,0,103.5987305,0.71812,23.3247,1,1,1,0.25,1.97
perylenediimide,C1=CC2=C3C(=CC=C4C3=C1C5=C6C4=CC=C7C6=C(C=C5)C(=O)NC7=O)C(=O)NC2=O,-0.288141672,0.288141672,0.155789235,0.546409005,-0.288141672,0.666666667,0,0,0,4,1,390.354,92.34,2,4,0,30,0,1443.451862,3.5044,111.2454,7,5,2,0,2.72
phenylbenzimidazole sulfonic acid,C1=CC=C(C=C1)C2=NC3=C(N2)C=C(C=C3)S(=O)(=O)O,-0.337914116,0.337914116,0.149502483,0.632005485,-0.337914116,0.684210526,4.983978521,0,1,0,1,274.301,83.05,2,3,2,19,0,812.8606311,2.4766,71.3443,3,3,1,0,2.89
N-(4-acetylphenyl)maleimide,CC(=O)C1=CC=C(C=C1)N2C(=O)C=CC2=O,-0.294512186,0.294512186,0.166741209,0.552226084,-0.294512186,0.5625,0,0,0,3,1,215.208,54.45,0,3,2,16,0,465.2745249,1.3186,58.0795,2,1,1,0.083333333,2.94
4-fluoroaniline,C1=CC(=CC=C1N)F,-0.398726079,0.398726079,0.150323877,0.521584921,-0.398726079,0.75,5.733667477,0,1,0,1,111.119,26.02,1,1,0,8,0,138.8981139,1.4079,30.8124,1,1,0,0,2.63
Dithiooxamide,C(=S)(C(=S)N)N,-0.387524803,0.387524803,0.214224006,0.518334078,-0.387524803,0.666666667,11.46733495,0,2,0,1,120.202,52.04,2,2,0,6,0,66.03910002,-0.4414,33.5708,0,0,0,0,2.48
4-hydroxybenzaldehyde,C1=CC(=CC=C1C=O)O,-0.507966219,0.507966219,0.194169539,0.657518799,-0.507966219,0.666666667,5.106527395,0,0,1,1,122.123,37.3,1,2,1,9,0,193.7832245,1.2047,33.4943,1,1,0,0,2.05
l-glutathione,C(CC(=O)N[C@@H](CS)C(=O)NCC(=O)O)[C@@H](C(=O)O)N,-0.480086286,0.480086286,0.255969316,0.802556993,-0.480086286,0.55,26.58029947,11.93861058,1,4,2,307.328,158.82,6,6,9,20,0,356.2346001,-2.2061,71.2744,0,0,0,0.6,2.19
phenylacetonitrile,C1=CC=C(C=C1)CC#N,-0.19797459,0.19797459,0.073265624,0.264896042,-0.19797459,0.777777778,0,0,1,0,1,117.151,23.79,0,1,1,9,0,203.2299615,1.75268,35.759,1,1,0,0.125,3.08
2-naphthylacetonitrile,C1=CC=C2C=C(C=CC2=C1)CC#N,-0.197974588,0.197974588,0.061609192,0.264896416,-0.197974588,0.846153846,0,0,1,0,1,167.211,23.79,0,1,1,13,0,460.6671593,2.90588,53.265,2,2,0,0.083333333,2.21
"4-(N, N-Diphenylamino) benzaldehyde",C1=CC=C(C=C1)N(C2=CC=CC=C2)C3=CC=C(C=C3)C=O,-0.310505919,0.310505919,0.098191522,0.460056515,-0.310505919,0.761904762,4.899909731,0,1,1,2,273.335,20.31,0,2,4,21,0,654.5417231,4.9689,86.5125,3,3,0,0,2.43
4-Biphenylcarbaldehyde,C1=CC=C(C=C1)C2=CC=C(C=C2)C=O,-0.297896406,0.297896406,0.08776892,0.447445152,-0.297896406,0.857142857,0,0,0,1,1,182.222,17.07,0,1,2,14,0,409.5511153,3.1661,57.2655,2,2,0,0,2.08
4-Acetylbiphenyl,CC(=O)C1=CC=C(C=C1)C2=CC=CC=C2,-0.294512201,0.294512201,0.086585733,0.453811415,-0.294512201,0.866666667,0,0,0,1,1,196.249,17.07,0,1,2,15,0,449.1568006,3.5562,61.8825,2,2,0,0.071428571,1.7
4-Aminobenzenesulfonic acid,C1=CC(=CC=C1N)S(=O)(=O)O,-0.398727713,0.398727713,0.180236204,0.692740772,-0.398727713,0.727272727,5.733667477,0,1,0,1,173.193,80.39,2,3,1,11,0,322.8059892,0.5155,40.669,1,1,0,0,2.6
sulfamide ,NS(=O)(=O)N,-0.215929171,0.271320284,0.191067834,0.487249455,-0.215929171,0.8,0,0,0,0,0,96.111,86.18,2,2,0,5,0,83.20671787,-1.8514,17.2946,0,0,0,0,2.33
L-aspartate,C([C@@H](C(=O)O)N)C(=O)O,-0.481175383,0.481175383,0.297861952,0.80175349,-0.481175383,0.555555556,15.94672227,11.93861058,1,2,2,133.103,100.62,3,3,3,9,0,120,-1.127,27.864,0,0,0,0.5,2.24
tri(2-thienyl)benzene,C1=CSC(=C1)C2=CC(=CC(=C2)C3=CC=CS3)C4=CC=CS4,-0.143843637,0.143843637,0.051384224,0.178107217,0,0.857142857,0,0,0,0,0,324.495,0,0,3,3,21,0,683.3075802,6.8721,96.381,4,4,3,0,2.9
"2-[N,N-bi(trifluoromethylsulfonyl)amino]pyridine",C1=CC=NC(=C1)N(S(=O)(=O)C(F)(F)F)S(=O)(=O)C(F)(F)F,-0.237185926,0.517301044,0.236815797,0.754486971,-0.237185926,0.714285714,0,31.06324331,1,0,1,358.241,84.41,0,5,3,21,0,620.6454725,1.5872,56.6656,1,1,1,0.285714286,2.13
oteracil potassium,C1(=NC(=O)NC(=O)N1)C(=O)[O-].[K+],-0.541547015,1,0.423017245,1.541547015,-0.541547015,0.583333333,9.901064579,62.7640217,1,1,2,195.175,118.74,2,5,1,12,0,343.2650508,-6.1743,29.8089,1,1,1,0,2.03
potassium cinnamate,C1=CC=C(C=C1)C=CC(=O)[O-].[K+],-0.545466972,1,0.365786031,1.545466972,-0.545466972,0.833333333,9.901064579,51.38453491,0,1,1,186.251,40.13,0,2,2,12,0,254.6266163,-2.5463,40.483,1,1,0,0,3.04
D-2-Aminobutanedioic acid,C(C(C(=O)O)N)C(=O)O,-0.481175383,0.481175383,0.297861952,0.80175349,-0.481175383,0.555555556,15.94672227,11.93861058,1,2,2,133.103,100.62,3,3,3,9,0,120,-1.127,27.864,0,0,0,0.5,2.1
"3,4,5,6-tetrafluorophthalic acid",C1(=C(C(=C(C(=C1F)F)F)F)C(=O)O)C(=O)O,-0.477541297,0.477541297,0.264090358,0.816848719,-0.477541297,0.5,10.21305479,11.93861058,0,2,1,238.092,74.6,2,2,2,16,0,428.547057,1.6394,40.1926,1,1,0,0,2.24
502 adhesive,CCOC(=O)C(=C)C#N,-0.461883828,0.461883828,0.226467791,0.809631458,-0.461883828,0.555555556,4.736862954,5.969305288,1,1,2,125.127,50.09,0,3,2,9,0,155.3673488,0.62928,31.386,0,0,0,0.333333333,2.82
"3,5-difluorobenzenesulfonamide",C1=C(C=C(C=C1F)S(=O)(=O)N)F,-0.224625316,0.237757464,0.158040215,0.46238278,-0.224625316,0.583333333,0,0,0,0,0,193.174,60.16,1,2,1,12,0,358.2493793,0.6122,37.7312,1,1,0,0,2.33
"2,6-difluorobenzenesulfonamide",C1=CC(=C(C(=C1)F)S(=O)(=O)N)F,-0.224440964,0.24340508,0.16629788,0.467846044,-0.224440964,0.666666667,0,0,0,0,0,193.174,60.16,1,2,1,12,0,358.2493793,0.6122,37.7312,1,1,0,0,1.36
2-chlorothiazole-4-carboxylic acid,C1=C(N=C(S1)Cl)C(=O)O,-0.476486705,0.476486705,0.240299842,0.831411969,-0.476486705,0.555555556,5.106527395,5.969305288,1,1,2,163.585,50.19,1,3,1,9,0,215.6971115,1.4947,34.0833,1,1,1,0,2.72
"2,5-thiophenedicarboxylic acid",C1=C(SC(=C1)C(=O)O)C(=O)O,-0.477049577,0.477049577,0.271290307,0.822432221,-0.477049577,0.636363636,10.21305479,11.93861058,0,2,1,172.161,74.6,2,3,2,11,0,258.2418843,1.1445,38.2376,1,1,1,0,2.89
phenylalanine,C1=CC=C(C=C1)C[C@@H](C(=O)O)N,-0.4800777,0.4800777,0.193711507,0.800393202,-0.4800777,0.833333333,10.84019487,5.969305288,1,1,2,165.192,63.32,2,2,3,12,0,246.0006373,0.641,45.7572,1,1,0,0.222222222,2.88
phenylphosphonic acid,C1=CC=C(C=C1)P(=O)(O)O,-0.321039149,0.355712151,0.189816056,0.6767513,-0.321039149,0.8,9.786823206,7.595762327,0,0,0,158.093,57.53,2,1,1,10,0,238.0006373,0.4896,38.1201,1,1,0,0,3.07
"furan-2,5-dicarboxylic acid",C1=C(OC(=C1)C(=O)O)C(=O)O,-0.475372895,0.475372895,0.313757408,0.846688934,-0.475372895,0.636363636,14.63020573,11.93861058,0,2,1,156.093,87.74,2,3,2,11,0,258.2418843,0.676,32.6266,1,1,1,0,2.6
l-glutathione,C(CC(=O)N[C@@H](CS)C(=O)NCC(=O)O)[C@@H](C(=O)O)N,-0.480086286,0.480086286,0.255969316,0.802556993,-0.480086286,0.55,26.58029947,11.93861058,1,4,2,307.328,158.82,6,6,9,20,0,356.2346001,-2.2061,71.2744,0,0,0,0.6,2.19
l-Theanine,CCNC(=O)CC[C@@H](C(=O)O)N,-0.480086286,0.480086286,0.236050238,0.800069132,-0.480086286,0.583333333,16.15698348,5.969305288,1,2,2,174.2,92.42,3,3,5,12,0,153.4212455,-0.6854,43.5289,0,0,0,0.714285714,2.29
Malonamide,C(C(=O)N)C(=O)N,-0.369231444,0.369231444,0.256628143,0.595578492,-0.369231444,0.571428571,11.46733495,0,0,2,1,102.093,86.18,2,2,2,7,0,76.21143267,-1.6529,23.0058,0,0,0,0.333333333,3.25
5-(Fmoc-amino) valeric acid,C1=CC=C2C(=C1)C(C3=CC=CC=C32)COC(=O)NCCCCC(=O)O,-0.481230383,0.481230383,0.186854922,0.887887961,-0.481230383,0.76,15.16017895,12.06254536,0,2,1,339.391,75.63,2,3,7,25,0,704.6385569,3.78,94.5585,3,2,0,0.3,2.16
