N_O_MinCharge,Frac_NegativeAtoms,PEOE_VSA1,PEOE_VSA14,N_coord,coord_types,MolecularWeight,HBondDonorCount,HBondAcceptorCount,RotatableBondCount,LogP,RingCount,HeteroRing,FSP3,delta_PCE
-0.330914819,0.80952381,16.89006402,0,1,1,320.005,0,0,15,3.1779,0,0,1,3.1
-0.368236553,0.666666667,5.733667477,0,4,1,146.581,2,2,0,0.04647,1,1,0,1.5
-0.477639243,0.692307692,5.106527395,5.969305288,0,1,201.203,2,3,2,0.0322,1,0,0,1.37
-0.376825097,0.454545455,13.27801508,8.804435157,0,0,243.173,0,3,6,1.6495,0,0,1,4.21
-0.143912294,0.818181818,0,0,1,1,156.249,0,1,0,2.375,1,1,1,1.51
-0.239533996,0.615384615,23.97664013,0,2,1,294.18,0,0,5,-1.1031,1,1,0.7,3.5
-0.477896962,0.666666667,5.106527395,5.969305288,0,1,86.09,1,1,1,0.6471,0,0,0.25,1.92
-0.480077692,0.6,15.82417339,5.969305288,1,2,204.229,3,2,3,1.1223,2,1,0.181818182,3.37
-0.476565587,0.4,10.09050592,5.969305288,0,1,139.11,2,2,1,0.0731,1,1,0,1.37
-0.394718845,0.8125,9.473725908,6.15536563,0,1,214.22,0,3,2,3.2644,2,0,0,2.96
-0.366250773,0.454545455,18.14070064,0,2,2,175.619,1,1,2,-4.1981,1,1,0.333333333,2.38
-0.345748915,0.428571429,4.899909731,0,0,1,99.133,0,1,0,0.2386,1,1,0.8,1.76
-0.368318726,0.75,11.05045608,0,1,2,114.148,2,2,1,-0.7763,1,1,0.8,1.94
-0.387619805,0.769230769,5.316788604,0,1,1,285.128,1,1,1,3.4995,2,0,0.090909091,3.41
-0.472337977,0.777777778,10.15081841,0,1,1,147.605,1,2,2,1.2026,1,1,0.333333333,2.37
-0.543118307,0.666666667,19.80212916,0,1,2,165.104,0,5,2,-2.1914,1,1,0,1.22
-0.330473681,1,5.733667477,0,1,1,201.051,1,1,2,1.3632,0,0,1,1.06
-0.357331195,0.777777778,29.7103076,0,1,1,241.116,1,0,1,-2.1874,1,0,1,1.09
-0.330748418,1,5.733667477,0,1,1,172.997,1,1,0,0.583,0,0,1,1.3
-0.370333532,0.8,11.46733495,0,3,1,186.984,3,1,0,-0.54343,0,0,0,-1.07
-0.330142607,0.909090909,5.733667477,0,1,1,267.085,1,1,2,1.9449,1,0,0.25,1.7
-0.357283543,0.727272727,29.7103076,0,1,1,267.085,1,0,2,-2.3859,1,0,0.25,1.09
-0.326497507,0.888888889,5.733667477,0,1,1,235.068,1,1,1,1.7633,1,0,0.142857143,0.91
-0.357560865,0.9,29.7103076,0,1,1,257.159,1,0,6,-1.4072,0,0,1,0.12
-0.453595078,0.666666667,14.37363564,0,0,1,285.343,0,3,3,2.9972,3,2,0.352941176,1.88
-0.370333532,0.769230769,22.93466991,10.39900058,6,1,216.223,8,4,0,-2.97566,0,0,0,1.19
-0.143912294,0.818181818,0,0,1,1,156.249,0,1,0,2.375,1,1,1,1.51
-0.330748418,0.857142857,10.9409205,0,2,1,108.097,2,3,0,-0.3827,0,0,1,1.8
-0.250346067,0.4,0,0,0,0,69.087,1,0,0,-0.1712,1,1,0,1.6
-0.370333532,0.8,11.46733495,0,3,1,186.984,3,1,0,-0.54343,0,0,0,0.5
-0.36613333,0.8,5.733667477,0,0,1,71.079,1,1,1,-0.3423,0,0,0,2.62
-0.323609081,0.882352941,16.89006402,0,1,1,502.356,0,0,28,8.2492,0,0,1,1.66
-0.288141687,0.666666667,0,0,0,1,197.193,1,2,0,1.7234,3,1,0,2.6
-0.288141672,0.8,0,0,0,1,321.335,1,2,0,4.6208,6,1,0,0.4
-0.338721321,0.461538462,4.983978521,5.689743398,3,1,180.167,1,3,0,-1.0397,2,2,0.285714286,2.25
-0.327863466,0.428571429,4.567099648,5.689743398,4,1,194.194,0,3,0,-1.0293,2,2,0.375,1.22
-0.327869774,0.461538462,4.567099648,5.689743398,3,1,180.167,1,3,0,-1.0397,2,2,0.285714286,-0.73
-0.329831976,0.571428571,15.52049068,7.595762327,1,1,125.064,3,2,2,-0.8772,0,0,1,1.89
-0.329469085,0.5,10.28641735,0,1,1,109.15,2,2,2,-0.8332,0,0,1,1.28
-0.481195255,0.5,10.84019487,5.969305288,1,2,89.094,2,2,2,-0.5802,0,0,0.666666667,0.8
-0.507040687,0.588235294,9.843390349,0,0,1,228.247,1,3,3,2.6318,2,0,0.071428571,3.27
-0.504968085,0.6,10.09050592,0,1,2,262.268,2,3,1,3.1906,4,2,0,3.04
-0.339821981,0.631578947,14.35392285,7.595762327,1,1,275.244,2,1,3,2.9722,3,1,0.142857143,1.5
-0.324422009,0.833333333,9.786823206,7.595762327,0,0,194.211,2,1,7,2.5246,0,0,1,0.8
-0.327998518,0.5,5.733667477,0,1,1,63.075,1,1,1,-0.0854,0,0,1,1.12
-0.325486895,0.6,5.733667477,0,1,1,81.065,1,1,1,0.2102,0,0,1,0.84
-0.322752642,0.714285714,5.733667477,6.176298517,1,1,135.516,1,1,0,0.9292,0,0,1,0.7
-0.48123039,0.65,5.106527395,5.969305288,0,1,281.352,1,3,11,2.5069,1,1,0.666666667,4.54
-0.416820518,0.5,4.736862954,5.969305288,0,1,238.111,0,2,2,2.4735,1,0,0,2.2
-0.464638671,0.413793103,18.94745182,23.87722115,0,1,488.671,4,12,16,1.4252,0,0,0.764705882,2.4
0,1,0,0,0,0,168.305,0,1,5,3.8709,1,1,0.6,1.81
0,1,0,0,0,0,136.238,0,0,0,2.8326,4,0,1,1.15
-0.325030481,0.909090909,5.733667477,0,1,1,151.253,1,1,0,1.9139,4,0,1,1.61
-0.461674306,0.523809524,14.21058886,17.90791586,0,1,296.319,0,6,10,1.5704,0,0,0.4,2.1
-0.299087986,0.727272727,0,0,0,1,150.221,0,1,0,2.0116,4,0,0.9,1.12
-0.480821322,0.846153846,5.106527395,5.969305288,0,1,180.247,1,1,1,2.2874,4,0,0.909090909,1.41
-0.481215172,0.857142857,5.106527395,5.969305288,0,1,194.274,1,1,2,2.6775,4,0,0.916666667,2.06
-0.363943925,0.666666667,11.46733495,5.922529168,0,1,138.073,2,2,2,-1.4077,0,0,0.333333333,2.21
-0.308634799,0.8,4.565048285,0,0,0,278.291,0,1,3,3.326,3,0,0,1.05
-0.305364429,0.666666667,18.09498865,15.19152465,0,0,344.325,0,6,10,5.0301,0,0,1,1.08
0,0.441176471,0,0,0,0,532.142,0,0,3,5.5313,3,0,0,2.99
-0.266136747,0.6,0,0,2,1,69.067,1,2,0,-0.1953,1,1,0,2
-0.376047653,0.727272727,11.05045608,0,2,1,231.118,2,1,1,2.1046,1,0,0,2.4
-0.378812514,0.333333333,10.05365156,0,1,1,87.122,1,2,0,-0.3938,1,1,1,0.7
-0.361801852,0.5,4.736862954,0,0,1,115.088,1,3,0,-1.3406,1,1,0.5,1.96
-0.369813236,0.428571429,10.05365156,0,0,1,101.105,1,2,0,-0.8672,1,1,0.75,2.17
-0.342214401,0.7,4.983978521,0,1,1,132.166,1,1,0,1.87132,2,1,0.125,2.1
-0.398638991,0.571428571,5.733667477,0,2,1,94.117,1,2,0,0.6638,1,1,0,2.6
-0.483723718,0.56,9.720841475,6.176298517,2,1,369.368,1,4,5,3.51522,3,2,0.25,2.14
-0.236640568,0.6,0,0,2,1,130.15,0,2,0,1.6298,2,2,0,2.2
-0.338674824,0.5,9.967957042,0,2,1,136.114,2,3,0,-0.3538,2,2,0,1.72
-0.423174856,0.636363636,10.04804515,7.118392334,0,0,157.912,2,2,1,-0.3554,1,0,0,1.98
-0.381798268,0.5,10.717646,0,4,1,135.13,2,4,0,-0.0649,2,2,0,1.1
-0.385103472,0.625,5.733667477,5.689743398,2,1,111.104,2,3,0,-0.6479,1,1,0,2
-0.376505715,0.75,11.46733495,0,2,1,76.124,2,1,0,-0.8113,0,0,0,1.21
-0.39355196,0.75,5.733667477,0,1,1,75.136,1,1,0,0.2924,0,0,0.5,1.88
0,1,0,0,0,0,62.137,0,1,0,0.9792,0,0,1,-0.45
-0.369231444,0.571428571,11.46733495,0,0,1,102.093,2,2,2,-1.6529,0,0,0.333333333,3.25
-0.423158785,0.875,10.04804515,7.118392334,0,0,127.961,2,3,1,-0.5721,1,1,0,2.06
-0.37226357,0.666666667,5.733667477,0,0,1,45.041,1,1,0,-0.8985,0,0,0,0.17
-0.326497507,0.875,5.733667477,0,1,1,107.156,1,1,1,1.1453,1,0,0.142857143,0.65
-0.365599512,0.777777778,5.733667477,0,0,1,121.139,1,1,1,0.7855,1,0,0,0.96
-0.365599488,0.7,5.733667477,0,0,1,139.129,1,1,1,0.9246,1,0,0,2.19
-0.3655995,0.7,5.733667477,0,0,1,155.584,1,1,1,1.4389,1,0,0,1.79
-0.284820806,0.7,0,0,0,0,392.046,0,2,2,4.1416,3,0,0,2.38
0,0.8125,0,0,0,0,464.784,0,2,14,11.0752,4,2,0.533333333,2.77
-0.385656692,0.541666667,9.473725908,23.87722115,0,1,322.228,0,7,2,1.5388,4,2,0,2.3
-0.385656842,0.64516129,9.473725908,36.22981819,0,1,444.239,0,6,2,3.7185,4,2,0.157894737,2.85
-0.277316161,0.555555556,0,6.031114512,0,1,128.087,2,3,0,-1.2575,1,1,0.25,1.2
-0.480805908,0.571428571,10.21305479,11.93861058,0,1,104.061,2,2,2,-0.4543,0,0,0.333333333,1.02
-0.35184624,0.75,11.46733495,6.031114512,0,1,60.056,2,1,0,-0.9762,0,0,0,0.74
-0.357285074,0.8,29.7103076,0,1,1,249.095,1,0,2,-2.525,1,0,0.25,1.13
-0.357560702,0.916666667,29.7103076,0,1,1,277.149,1,0,4,-1.7448,1,0,0.4,0.39
-0.330461792,1,5.733667477,0,1,1,263.122,1,1,3,2.1959,1,0,0.333333333,1.86
-0.388490606,0.5,10.21305479,0,0,1,90.078,2,3,2,-1.4599,0,0,0.666666667,3.05
-0.333351019,0.333333333,16.89006402,0,1,1,109.6,0,0,0,-2.6736,0,0,1,2
-0.329926767,0.375,16.89006402,0,1,1,158.072,0,0,2,-2.0646,0,0,1,0.6
-0.39051529,0.375,21.99659141,0,1,1,139.626,1,1,2,-3.3111,0,0,1,1
-0.327164983,0.583333333,16.89006402,0,1,1,185.698,0,0,2,-1.1032,1,0,0.4,0.5
-0.278511959,0.5,0,0,0,1,115.088,1,3,0,-0.4754,1,1,0.5,2.24
-0.361174887,0.6,4.983978521,0,0,0,151.596,1,0,0,2.8213,2,1,0,1.89
-0.480048071,0.666666667,10.84019487,5.969305288,1,2,149.215,3,3,2,0.1067,0,0,0.8,1.65
-0.252560258,0.733333333,0,0,2,1,238.381,1,4,2,3.6915,2,1,0.363636364,1.26
-0.376667636,0.333333333,28.42117772,0,0,0,264.318,0,6,0,0.0996,1,1,1,2.53
-0.487297493,0.538461538,28.42117772,0,0,0,360.406,0,6,0,2.9488,3,1,0.4,3.84
-0.36184104,0.714285714,5.733667477,12.08347825,0,1,113.038,1,1,0,0.034,0,0,0.5,1.85
-0.505795795,0.72,21.68038974,12.35259703,2,1,366.261,4,4,2,3.6729,2,0,0.2,3.47
-0.381428973,0.75,10.47053043,0,1,1,115.176,1,2,1,0.3717,1,1,1,1.66
0,0.8,0,0,0,0,92.569,0,0,2,2.0253,0,0,1,0.79
-0.323528859,0.625,29.36046962,22.78728698,1,1,299.049,6,4,6,-1.306,0,0,1,2.53
-0.47807075,0.5,10.21305479,11.93861058,0,1,116.072,2,2,2,-0.2882,0,0,0,1.3
-0.744035769,0.75,4.552749874,29.55728603,0,0,194.187,0,3,1,-2.09688,1,0,0.142857143,1.35
-0.192437046,0.904761905,0,0,1,1,277.411,0,1,7,5.73818,2,0,0.35,3.05
0,0.441176471,0,0,0,0,511.98,0,0,3,4.2893,3,0,0,2.05
-0.481230228,0.555555556,10.21305479,11.93861058,0,1,132.115,2,2,4,0.3259,0,0,0.6,2.37
-0.154726243,0.666666667,0,18.23452154,3,1,135.048,0,3,0,0.2889,1,1,0,1.84
-0.367590743,0.666666667,17.20100243,0,6,1,126.123,3,6,0,-1.3818,1,1,0,1.35
-0.258986688,0.666666667,0,17.06923019,0,0,129.075,3,3,0,-2.2485,1,1,0,0.66
-0.186832365,0.666666667,0,0,3,1,184.413,0,3,0,1.8318,1,1,0,1.35
-0.309268954,0.666666667,14.95193556,0,0,0,177.279,3,3,0,1.85937,1,1,0,-5.24
-0.778623779,0.769230769,14.35187149,51.38453491,0,0,232.301,1,2,7,-1.1034,0,0,1,2.8
-0.477638947,0.647058824,5.106527395,18.32190232,0,1,258.117,1,1,1,3.4224,1,0,0.222222222,2.64
-0.326497495,0.7,5.733667477,0,2,1,132.166,1,2,1,1.01698,1,0,0.125,3.37
-0.326497507,0.888888889,5.733667477,0,1,1,235.068,1,1,1,1.7633,1,0,0.142857143,1.6
-0.353808314,0.7,29.7103076,0,1,1,269.513,1,0,1,-1.9141,1,0,0.142857143,-0.48
-0.330142607,1,5.733667477,0,1,1,249.095,1,1,2,1.8058,1,0,0.25,-1.97
-0.464796453,0.615384615,4.736862954,5.969305288,0,1,221.259,1,5,2,0.1821,1,1,0.166666667,2.95
-0.330747578,0.7,9.967957042,0,0,0,150.206,2,1,0,2.22549,2,1,0,2.49
-0.480076978,0.454545455,15.82417339,5.969305288,2,2,155.157,3,3,3,-0.6359,1,1,0.333333333,2.78
-0.480077692,0.6,15.82417339,5.969305288,1,2,204.229,3,2,3,1.1223,2,1,0.181818182,3.37
-0.192273411,0.428571429,0,0,2,1,200.094,0,2,0,1.98636,1,0,0,3.42
0,0.441176471,0,0,0,0,511.98,0,0,3,4.2893,3,0,0,2.35
-0.364900398,0.75,5.733667477,0,0,1,127.168,1,2,1,0.847,1,1,0,2.96
-0.19797459,0.777777778,0,0,1,1,117.151,0,1,1,1.75268,1,0,0.125,3.08
-0.197974588,0.846153846,0,0,1,1,167.211,0,1,1,2.90588,2,0,0.083333333,2.21
-0.398727657,0.666666667,5.733667477,0,2,1,118.139,1,2,0,1.14048,1,0,0,0.8
0,1,0,0,0,0,178.366,2,2,7,3.1866,0,0,1,0.97
0,1,0,0,0,0,262.292,0,0,3,3.4448,3,0,0,1.86
-0.305152394,0.565217391,9.047494323,7.595762327,0,0,360.259,0,3,5,5.1728,1,0,0.571428571,2.06
-0.340567857,0.333333333,4.567099648,0,2,1,82.106,0,1,0,0.4201,1,1,0.25,1.34
-0.333730112,0.6,4.567099648,0,2,1,132.166,0,1,0,1.5733,2,1,0.125,1.74
-0.505617502,0.764705882,5.106527395,0,3,1,225.251,1,3,1,2.43452,3,1,0.076923077,1.2
-0.383682131,0.714285714,5.733667477,6.176298517,2,1,224.613,2,1,1,2.41127,1,0,0.125,2.07
0,0.8,0,6.176298517,0,0,146.111,0,0,0,2.7054,1,0,0.142857143,1.52
-0.383682133,0.8,5.733667477,0,2,1,156.616,2,1,1,1.39247,1,0,0,1.18
-0.477049577,0.636363636,10.21305479,11.93861058,0,1,172.161,2,3,2,1.1445,1,1,0,3.47
-0.314876444,0.75,5.316788604,0,1,1,127.212,1,2,2,1.4675,1,1,0.333333333,1.56
-0.307721816,0.8125,10.63357721,6.031114512,0,1,212.252,2,1,2,3.3306,2,0,0,1.4
-0.333558358,0.75,10.63357721,6.031114512,0,1,172.272,2,1,0,1.8826,0,0,0.888888889,0.9
-0.313849907,0.555555556,4.983978521,5.689743398,0,0,126.115,2,2,0,-0.62838,1,1,0.2,1.68
-0.481195255,0.571428571,10.84019487,5.969305288,1,2,217.006,2,2,2,0.0378,0,0,0.666666667,1.9
-0.324614,0.6,9.786823206,7.595762327,0,0,96.022,2,1,0,-0.2061,0,0,1,1.57
-0.22288152,0.714285714,0,0,8,1,230.282,0,8,3,-0.467,2,2,0.5,2.77
-0.192437041,0.666666667,0,0,1,1,182.02,0,1,0,2.32078,1,0,0,2.19
-0.480077679,0.470588235,10.84019487,5.969305288,1,2,255.142,2,2,3,1.3365,1,0,0.222222222,2.14
-0.199251344,0.692307692,0,0,0,0,195.243,0,2,1,1.588,2,1,0.222222222,2.39
-0.313497642,0.583333333,4.983978521,11.86604192,0,0,180.085,2,2,0,0.082,1,1,0.2,1
-0.432028447,0.6,9.473725908,5.969305288,0,1,282.336,0,5,0,2.3949,5,4,0.933333333,1.57
-0.481218929,0.592592593,19.31711626,11.93861058,0,1,384.425,1,7,4,2.6024,5,4,0.894736842,1.48
-0.367604464,0.65,14.5802533,0,0,0,284.352,1,5,0,2.1867,5,4,1,-0.06
-0.481433475,0.5,5.106527395,0,0,1,60.052,1,1,0,0.0909,0,0,0.5,1.76
-0.264736971,0.666666667,0,0,1,1,79.102,0,1,0,1.0816,1,1,0,-0.89
-0.25462112,0.666666667,0,0,2,1,156.188,0,2,1,2.1436,2,2,0,1.44
-0.25462064,0.666666667,0,0,3,1,233.274,0,3,2,3.2056,3,3,0,1.1
-0.298949373,0.833333333,0,0,4,1,256.334,2,3,3,3.6719,2,0,0,2.71
-0.48029713,0.6,10.84019487,5.969305288,1,2,75.067,2,2,1,-0.9703,0,0,0.5,2.07
-0.477639241,0.7,5.106527395,5.969305288,0,1,156.568,1,1,1,2.0382,1,0,0,1.99
-0.460101417,0.5,9.843390349,5.969305288,0,1,116.116,1,3,3,-0.2921,0,0,0.4,3.6
-0.496768215,0.666666667,9.843390349,5.969305288,0,1,166.176,1,2,3,1.3223,1,0,0.222222222,1.35
-0.348825792,0.5,4.983978521,0,1,1,82.106,1,1,0,0.71812,1,1,0.25,1.97
-0.288141672,0.666666667,0,0,0,1,390.354,2,4,0,3.5044,7,2,0,2.72
-0.337914116,0.684210526,4.983978521,0,1,1,274.301,2,3,2,2.4766,3,1,0,2.89
-0.294512186,0.5625,0,0,0,1,215.208,0,3,2,1.3186,2,1,0.083333333,2.94
-0.398726079,0.75,5.733667477,0,1,1,111.119,1,1,0,1.4079,1,0,0,2.63
-0.387524803,0.666666667,11.46733495,0,2,1,120.202,2,2,0,-0.4414,0,0,0,2.48
-0.507966219,0.666666667,5.106527395,0,0,1,122.123,1,2,1,1.2047,1,0,0,2.05
-0.480086286,0.55,26.58029947,11.93861058,1,2,307.328,6,6,9,-2.2061,0,0,0.6,2.19
-0.19797459,0.777777778,0,0,1,1,117.151,0,1,1,1.75268,1,0,0.125,3.08
-0.197974588,0.846153846,0,0,1,1,167.211,0,1,1,2.90588,2,0,0.083333333,2.21
-0.310505919,0.761904762,4.899909731,0,1,2,273.335,0,2,4,4.9689,3,0,0,2.43
-0.297896406,0.857142857,0,0,0,1,182.222,0,1,2,3.1661,2,0,0,2.08
-0.294512201,0.866666667,0,0,0,1,196.249,0,1,2,3.5562,2,0,0.071428571,1.7
-0.398727713,0.727272727,5.733667477,0,1,1,173.193,2,3,1,0.5155,1,0,0,2.6
-0.215929171,0.8,0,0,0,0,96.111,2,2,0,-1.8514,0,0,0,2.33
-0.481175383,0.555555556,15.94672227,11.93861058,1,2,133.103,3,3,3,-1.127,0,0,0.5,2.24
0,0.857142857,0,0,0,0,324.495,0,3,3,6.8721,4,3,0,2.9
-0.237185926,0.714285714,0,31.06324331,1,1,358.241,0,5,3,1.5872,1,1,0.285714286,2.13
-0.541547015,0.583333333,9.901064579,62.7640217,1,2,195.175,2,5,1,-6.1743,1,1,0,2.03
-0.545466972,0.833333333,9.901064579,51.38453491,0,1,186.251,0,2,2,-2.5463,1,0,0,3.04
-0.481175383,0.555555556,15.94672227,11.93861058,1,2,133.103,3,3,3,-1.127,0,0,0.5,2.1
-0.477541297,0.5,10.21305479,11.93861058,0,1,238.092,2,2,2,1.6394,1,0,0,2.24
-0.461883828,0.555555556,4.736862954,5.969305288,1,2,125.127,0,3,2,0.62928,0,0,0.333333333,2.82
-0.224625316,0.583333333,0,0,0,0,193.174,1,2,1,0.6122,1,0,0,2.33
-0.224440964,0.666666667,0,0,0,0,193.174,1,2,1,0.6122,1,0,0,1.36
-0.476486705,0.555555556,5.106527395,5.969305288,1,2,163.585,1,3,1,1.4947,1,1,0,2.72
-0.477049577,0.636363636,10.21305479,11.93861058,0,1,172.161,2,3,2,1.1445,1,1,0,2.89
-0.4800777,0.833333333,10.84019487,5.969305288,1,2,165.192,2,2,3,0.641,1,0,0.222222222,2.88
-0.321039149,0.8,9.786823206,7.595762327,0,0,158.093,2,1,1,0.4896,1,0,0,3.07
-0.475372895,0.636363636,14.63020573,11.93861058,0,1,156.093,2,3,2,0.676,1,1,0,2.6
-0.480086286,0.55,26.58029947,11.93861058,1,2,307.328,6,6,9,-2.2061,0,0,0.6,2.19
-0.480086286,0.583333333,16.15698348,5.969305288,1,2,174.2,3,3,5,-0.6854,0,0,0.714285714,2.29
-0.369231444,0.571428571,11.46733495,0,0,1,102.093,2,2,2,-1.6529,0,0,0.333333333,3.25
-0.481230383,0.76,15.16017895,12.06254536,0,1,339.391,2,3,7,3.78,3,0,0.3,2.16
